Score,Scored by,Popularity Rank,Rating Rank,Members,Date
8.55,"389,305",32,842,"653,763",Sat Dec 30 2017 13:55:07 GMT-0500 (Eastern Standard Time)
8.54,"390,598",32,872,"656,161",Thu Jan 04 2018 01:00:54 GMT-0500 (Eastern Standard Time)
8.54,"392,776",32,882,"660,222",Thu Jan 11 2018 01:33:03 GMT-0500 (Eastern Standard Time)
8.54,"394,764",32,902,"663,864",Thu Jan 18 2018 02:15:08 GMT-0500 (Eastern Standard Time)
8.54,"396,607",32,892,"667,388",Thu Jan 25 2018 16:09:50 GMT-0500 (Eastern Standard Time)
8.54,"399,703",32,862,"673,246",Wed Feb 07 2018 19:59:06 GMT-0500 (Eastern Standard Time)
8.54,"407,640",33,852,"688,743",Tue Mar 13 2018 19:22:50 GMT-0400 (Eastern Daylight Time)
8.54,"408,325",33,852,"690,157",Fri Mar 16 2018 21:49:14 GMT-0400 (Eastern Daylight Time)
8.54,"409,976",33,852,"693,329",Fri Mar 23 2018 22:37:53 GMT-0400 (Eastern Daylight Time)
8.54,"411,236",33,852,"695,778",Wed Mar 28 2018 01:38:53 GMT-0400 (Eastern Daylight Time)
8.54,"412,089",33,872,"697,340",Fri Mar 30 2018 22:51:27 GMT-0400 (Eastern Daylight Time)
8.54,"414,586",33,892,"701,881",Fri Apr 06 2018 23:20:28 GMT-0400 (Eastern Daylight Time)
8.54,"416,910",33,902,"706,394",Sat Apr 14 2018 00:15:15 GMT-0400 (Eastern Daylight Time)
8.54,"418,912",33,902,"710,228",Sat Apr 21 2018 00:49:28 GMT-0400 (Eastern Daylight Time)
8.54,"422,353",34,912,"717,082",Fri May 04 2018 23:46:06 GMT-0400 (Eastern Daylight Time)
8.54,"423,779",35,912,"719,962",Fri May 11 2018 05:42:01 GMT-0400 (Eastern Daylight Time)
8.54,"424,123",35,912,"720,612",Sat May 12 2018 19:22:35 GMT-0400 (Eastern Daylight Time)
8.54,"426,658",36,902,"725,678",Thu May 24 2018 17:09:30 GMT-0400 (Eastern Daylight Time)
8.54,"427,665",36,902,"727,672",Sat Jun 02 2018 21:00:55 GMT-0400 (Eastern Daylight Time)
8.54,"427,853",36,902,"728,085",Wed Jun 06 2018 03:12:26 GMT-0400 (Eastern Daylight Time)
8.54,"427,924",36,902,"728,214",Thu Jun 07 2018 18:44:02 GMT-0400 (Eastern Daylight Time)
8.54,"428,199",37,902,"728,860",Thu Jun 14 2018 19:11:19 GMT-0400 (Eastern Daylight Time)
8.54,"428,203",37,902,"728,865",Thu Jun 14 2018 20:20:34 GMT-0400 (Eastern Daylight Time)
8.54,"429,766",37,902,"732,118",Tue Jul 17 2018 20:10:07 GMT-0400 (Eastern Daylight Time)
8.54,"429,991",37,892,"732,539",Sun Jul 22 2018 08:25:05 GMT-0400 (Eastern Daylight Time)
8.54,"430,164",37,902,"732,937",Thu Jul 26 2018 01:16:01 GMT-0400 (Eastern Daylight Time)
8.54,"430,476",37,882,"733,635",Thu Aug 02 2018 01:46:31 GMT-0400 (Eastern Daylight Time)
8.54,"431,104",37,882,"734,882",Fri Aug 03 2018 20:27:05 GMT-0400 (Eastern Daylight Time)
8.54,"432,813",37,872,"738,187",Thu Aug 09 2018 02:20:10 GMT-0400 (Eastern Daylight Time)
8.54,"434,428",37,872,"741,486",Thu Aug 16 2018 03:04:42 GMT-0400 (Eastern Daylight Time)
8.54,"435,977",37,872,"744,645",Thu Aug 23 2018 03:17:03 GMT-0400 (Eastern Daylight Time)
8.54,"436,760",37,872,"746,245",Sun Aug 26 2018 22:46:09 GMT-0400 (Eastern Daylight Time)
8.54,"438,716",37,872,"750,181",Wed Sep 05 2018 23:36:56 GMT-0400 (Eastern Daylight Time)
8.54,"439,888",37,862,"752,512",Thu Sep 13 2018 00:02:10 GMT-0400 (Eastern Daylight Time)
8.53,"441,048",37,902,"754,815",Thu Sep 20 2018 01:26:26 GMT-0400 (Eastern Daylight Time)
8.53,"441,616",37,882,"756,018",Sun Sep 23 2018 16:49:41 GMT-0400 (Eastern Daylight Time)
8.53,"442,273",37,882,"757,305",Thu Sep 27 2018 01:55:45 GMT-0400 (Eastern Daylight Time)
8.53,"443,544",37,912,"759,782",Thu Oct 04 2018 02:12:18 GMT-0400 (Eastern Daylight Time)
8.53,"444,887",37,912,"762,473",Wed Oct 10 2018 16:07:52 GMT-0400 (Eastern Daylight Time)
8.53,"444,985",37,902,"762,616",Wed Oct 10 2018 22:52:18 GMT-0400 (Eastern Daylight Time)
8.53,"445,023",37,902,"762,695",Thu Oct 11 2018 02:35:42 GMT-0400 (Eastern Daylight Time)
8.53,"445,648",37,912,"764,144",Sun Oct 14 2018 17:04:40 GMT-0400 (Eastern Daylight Time)
8.53,"446,411",37,912,"765,530",Thu Oct 18 2018 02:56:38 GMT-0400 (Eastern Daylight Time)
8.53,"447,351",37,912,"767,534",Tue Oct 23 2018 04:10:23 GMT-0400 (Eastern Daylight Time)
8.53,"448,636",37,912,"770,283",Tue Oct 30 2018 22:36:19 GMT-0400 (Eastern Daylight Time)
8.53,"449,372",37,922,"771,793",Sun Nov 04 2018 08:01:52 GMT-0500 (Eastern Standard Time)
8.53,"449,383",37,922,"771,793",Sun Nov 04 2018 08:37:13 GMT-0500 (Eastern Standard Time)
8.53,"449,901",37,922,"772,812",Tue Nov 06 2018 23:24:52 GMT-0500 (Eastern Standard Time)
8.53,"451,256",37,762,"775,364",Tue Nov 13 2018 23:51:27 GMT-0500 (Eastern Standard Time)
8.53,"452,427",37,922,"777,745",Wed Nov 21 2018 00:10:29 GMT-0500 (Eastern Standard Time)
8.53,"452,790",37,922,"778,475",Fri Nov 23 2018 09:52:52 GMT-0500 (Eastern Standard Time)
8.53,"453,577",37,912,"779,998",Wed Nov 28 2018 00:48:17 GMT-0500 (Eastern Standard Time)
8.53,"453,577",37,912,"779,998",Wed Nov 28 2018 01:13:11 GMT-0500 (Eastern Standard Time)
8.53,"454,795",37,902,"782,507",Wed Dec 05 2018 01:22:27 GMT-0500 (Eastern Standard Time)
8.53,"455,923",37,932,"784,821",Wed Dec 12 2018 01:47:19 GMT-0500 (Eastern Standard Time)
8.53,"455,997",37,932,"785,000",Wed Dec 12 2018 14:55:47 GMT-0500 (Eastern Standard Time)
8.53,"456,911",37,922,"786,838",Tue Dec 18 2018 22:05:37 GMT-0500 (Eastern Standard Time)
8.53,"456,963",37,922,"786,898",Wed Dec 19 2018 02:43:25 GMT-0500 (Eastern Standard Time)
8.53,"457,207",36,922,"787,411",Thu Dec 20 2018 14:35:22 GMT-0500 (Eastern Standard Time)
8.53,"457,434",36,922,"787,834",Fri Dec 21 2018 18:50:52 GMT-0500 (Eastern Standard Time)
8.53,"458,087",36,922,"789,068",Tue Dec 25 2018 11:59:37 GMT-0500 (Eastern Standard Time)
8.53,"458,129",36,922,"789,165",Tue Dec 25 2018 18:44:02 GMT-0500 (Eastern Standard Time)
8.53,"458,214",37,922,"789,311",Wed Dec 26 2018 02:55:01 GMT-0500 (Eastern Standard Time)
8.53,"458,274",36,922,"789,473",Wed Dec 26 2018 14:59:57 GMT-0500 (Eastern Standard Time)
8.53,"458,274",36,922,"789,473",Wed Dec 26 2018 15:11:18 GMT-0500 (Eastern Standard Time)
8.53,"458,444",36,922,"789,808",Thu Dec 27 2018 04:34:58 GMT-0500 (Eastern Standard Time)
8.53,"458,901",36,922,"790,854",Sat Dec 29 2018 18:59:19 GMT-0500 (Eastern Standard Time)
8.53,"459,334",36,922,"791,741",Mon Dec 31 2018 20:36:33 GMT-0500 (Eastern Standard Time)
8.53,"459,663",36,922,"792,352",Wed Jan 02 2019 04:14:22 GMT-0500 (Eastern Standard Time)
8.53,"460,116",36,912,"793,162",Thu Jan 03 2019 21:12:47 GMT-0500 (Eastern Standard Time)
8.53,"460,137",36,912,"793,188",Thu Jan 03 2019 21:51:21 GMT-0500 (Eastern Standard Time)
8.53,"460,149",36,912,"793,218",Thu Jan 03 2019 22:28:19 GMT-0500 (Eastern Standard Time)
8.53,"460,241",36,912,"793,395",Fri Jan 04 2019 04:46:25 GMT-0500 (Eastern Standard Time)
8.53,"460,604",36,912,"794,082",Sat Jan 05 2019 13:20:53 GMT-0500 (Eastern Standard Time)
8.53,"460,680",36,912,"794,219",Sat Jan 05 2019 19:43:33 GMT-0500 (Eastern Standard Time)
8.53,"460,730",36,912,"794,269",Sat Jan 05 2019 22:31:03 GMT-0500 (Eastern Standard Time)
8.53,"461,538",36,932,"795,923",Wed Jan 09 2019 04:28:28 GMT-0500 (Eastern Standard Time)
8.53,"463,201",36,942,"799,215",Wed Jan 16 2019 05:05:00 GMT-0500 (Eastern Standard Time)
8.53,"464,939",36,952,"802,746",Wed Jan 23 2019 23:13:10 GMT-0500 (Eastern Standard Time)
8.53,"465,039",36,952,"802,936",Thu Jan 24 2019 11:15:33 GMT-0500 (Eastern Standard Time)
8.53,"465,220",35,952,"803,356",Fri Jan 25 2019 07:10:52 GMT-0500 (Eastern Standard Time)
8.53,"465,823",35,942,"804,669",Mon Jan 28 2019 04:45:22 GMT-0500 (Eastern Standard Time)
8.53,"465,957",35,942,"805,009",Mon Jan 28 2019 22:04:56 GMT-0500 (Eastern Standard Time)
8.53,"468,928",35,932,"811,148",Tue Feb 12 2019 21:47:22 GMT-0500 (Eastern Standard Time)
8.53,"469,504",35,942,"812,253",Sat Feb 16 2019 02:26:26 GMT-0500 (Eastern Standard Time)
8.53,"470,255",34,932,"813,920",Wed Feb 20 2019 02:29:46 GMT-0500 (Eastern Standard Time)
8.53,"471,157",34,942,"815,777",Sun Feb 24 2019 22:02:18 GMT-0500 (Eastern Standard Time)
8.53,"471,373",34,942,"816,183",Mon Feb 25 2019 22:45:37 GMT-0500 (Eastern Standard Time)
8.53,"471,373",34,942,"816,183",Mon Feb 25 2019 22:45:40 GMT-0500 (Eastern Standard Time)
8.53,"471,431",34,942,"816,313",Tue Feb 26 2019 04:38:57 GMT-0500 (Eastern Standard Time)
8.53,"471,540",34,942,"816,560",Tue Feb 26 2019 20:22:49 GMT-0500 (Eastern Standard Time)
8.44,"460,853",34,942,"816,582",Tue Feb 26 2019 21:36:27 GMT-0500 (Eastern Standard Time)
8.53,"471,586",34,942,"816,655",Wed Feb 27 2019 00:49:10 GMT-0500 (Eastern Standard Time)
8.53,"471,586",34,942,"816,695",Wed Feb 27 2019 02:07:24 GMT-0500 (Eastern Standard Time)
8.54,"475,151",34,942,"816,711",Wed Feb 27 2019 03:03:40 GMT-0500 (Eastern Standard Time)
8.53,"471,767",34,942,"817,075",Thu Feb 28 2019 02:12:28 GMT-0500 (Eastern Standard Time)
8.53,"472,034",34,942,"817,615",Fri Mar 01 2019 15:50:49 GMT-0500 (Eastern Standard Time)
8.53,"472,316",34,932,"818,195",Sun Mar 03 2019 02:57:24 GMT-0500 (Eastern Standard Time)
8.53,"472,421",34,932,"818,492",Sun Mar 03 2019 18:56:50 GMT-0500 (Eastern Standard Time)
8.53,"472,500",34,932,"818,639",Mon Mar 04 2019 01:39:59 GMT-0500 (Eastern Standard Time)
8.53,"472,896",34,932,"819,448",Wed Mar 06 2019 03:35:57 GMT-0500 (Eastern Standard Time)
8.53,"473,094",34,932,"819,996",Thu Mar 07 2019 03:10:01 GMT-0500 (Eastern Standard Time)
8.53,"473,561",34,932,"821,244",Sat Mar 09 2019 01:42:47 GMT-0500 (Eastern Standard Time)
8.53,"473,626",34,932,"821,381",Sat Mar 09 2019 10:12:25 GMT-0500 (Eastern Standard Time)
8.53,"473,858",34,932,"821,925",Sun Mar 10 2019 09:27:11 GMT-0400 (Eastern Daylight Time)
8.53,"474,096",34,932,"822,412",Mon Mar 11 2019 03:41:47 GMT-0400 (Eastern Daylight Time)
8.53,"474,211",34,932,"822,714",Mon Mar 11 2019 21:22:22 GMT-0400 (Eastern Daylight Time)
8.53,"474,262",34,932,"822,842",Tue Mar 12 2019 03:40:08 GMT-0400 (Eastern Daylight Time)
8.53,"474,461",34,932,"823,230",Wed Mar 13 2019 04:29:44 GMT-0400 (Eastern Daylight Time)
8.53,"475,040",34,942,"824,448",Sat Mar 16 2019 15:12:37 GMT-0400 (Eastern Daylight Time)
8.53,"475,040",34,942,"824,466",Sat Mar 16 2019 16:05:39 GMT-0400 (Eastern Daylight Time)
8.53,"475,200",34,942,"824,798",Sun Mar 17 2019 09:24:26 GMT-0400 (Eastern Daylight Time)
8.53,"475,789",34,942,"826,069",Wed Mar 20 2019 05:19:45 GMT-0400 (Eastern Daylight Time)
8.53,"476,061",34,942,"826,686",Thu Mar 21 2019 19:06:54 GMT-0400 (Eastern Daylight Time)
8.53,"476,318",34,942,"827,198",Sat Mar 23 2019 02:34:01 GMT-0400 (Eastern Daylight Time)
8.53,"476,340",34,942,"827,232",Sat Mar 23 2019 04:56:43 GMT-0400 (Eastern Daylight Time)
8.53,"476,340",34,942,"827,244",Sat Mar 23 2019 05:10:04 GMT-0400 (Eastern Daylight Time)
8.53,"476,570",34,942,"827,738",Sun Mar 24 2019 10:51:00 GMT-0400 (Eastern Daylight Time)
8.53,"476,894",34,942,"828,407",Mon Mar 25 2019 20:34:13 GMT-0400 (Eastern Daylight Time)
8.53,"477,174",34,942,"828,967",Wed Mar 27 2019 06:38:33 GMT-0400 (Eastern Daylight Time)
8.53,"477,740",34,952,"830,139",Sat Mar 30 2019 08:10:15 GMT-0400 (Eastern Daylight Time)
8.53,"478,067",34,952,"830,783",Sun Mar 31 2019 19:36:59 GMT-0400 (Eastern Daylight Time)
8.53,"478,634",34,952,"831,905",Wed Apr 03 2019 07:56:55 GMT-0400 (Eastern Daylight Time)
8.53,"478,800",34,952,"832,207",Wed Apr 03 2019 23:00:28 GMT-0400 (Eastern Daylight Time)
8.53,"478,840",34,952,"832,297",Thu Apr 04 2019 02:51:05 GMT-0400 (Eastern Daylight Time)
8.53,"479,183",34,952,"832,998",Fri Apr 05 2019 18:11:28 GMT-0400 (Eastern Daylight Time)
8.53,"479,870",34,962,"834,439",Mon Apr 08 2019 13:15:50 GMT-0400 (Eastern Daylight Time)
8.53,"479,961",34,962,"834,601",Mon Apr 08 2019 20:17:15 GMT-0400 (Eastern Daylight Time)
8.53,"480,017",34,962,"834,727",Tue Apr 09 2019 00:53:54 GMT-0400 (Eastern Daylight Time)
8.53,"480,116",34,962,"834,892",Tue Apr 09 2019 12:43:25 GMT-0400 (Eastern Daylight Time)
8.53,"480,328",34,962,"835,314",Wed Apr 10 2019 08:08:23 GMT-0400 (Eastern Daylight Time)
8.53,"480,367",34,962,"835,399",Wed Apr 10 2019 13:22:39 GMT-0400 (Eastern Daylight Time)
8.53,"480,373",34,962,"835,452",Wed Apr 10 2019 16:49:07 GMT-0400 (Eastern Daylight Time)
8.53,"480,699",34,962,"836,092",Fri Apr 12 2019 02:52:15 GMT-0400 (Eastern Daylight Time)
8.53,"480,763",34,962,"836,266",Fri Apr 12 2019 13:32:01 GMT-0400 (Eastern Daylight Time)
8.53,"480,763",34,962,"836,266",Fri Apr 12 2019 13:58:21 GMT-0400 (Eastern Daylight Time)
8.53,"480,767",34,962,"836,282",Fri Apr 12 2019 14:11:45 GMT-0400 (Eastern Daylight Time)
8.53,"480,891",35,962,"836,542",Sat Apr 13 2019 03:16:41 GMT-0400 (Eastern Daylight Time)
8.53,"480,906",35,962,"836,542",Sat Apr 13 2019 03:54:02 GMT-0400 (Eastern Daylight Time)
8.53,"481,416",34,952,"837,663",Mon Apr 15 2019 14:20:30 GMT-0400 (Eastern Daylight Time)
8.53,"481,808",34,942,"838,542",Wed Apr 17 2019 14:15:07 GMT-0400 (Eastern Daylight Time)
8.53,"482,524",34,942,"839,942",Sat Apr 20 2019 21:55:23 GMT-0400 (Eastern Daylight Time)
8.53,"482,690",34,942,"840,297",Sun Apr 21 2019 17:43:19 GMT-0400 (Eastern Daylight Time)
8.53,"482,757",34,942,"840,467",Mon Apr 22 2019 00:28:12 GMT-0400 (Eastern Daylight Time)
8.53,"482,946",35,942,"840,833",Mon Apr 22 2019 19:47:33 GMT-0400 (Eastern Daylight Time)
8.53,"482,946",34,942,"840,860",Mon Apr 22 2019 20:34:58 GMT-0400 (Eastern Daylight Time)
8.53,"482,946",34,942,"840,860",Mon Apr 22 2019 21:12:38 GMT-0400 (Eastern Daylight Time)
8.53,"483,023",34,942,"840,981",Tue Apr 23 2019 02:13:31 GMT-0400 (Eastern Daylight Time)
8.53,"483,023",34,942,"840,997",Tue Apr 23 2019 02:21:05 GMT-0400 (Eastern Daylight Time)
8.53,"483,377",34,942,"841,723",Wed Apr 24 2019 20:48:09 GMT-0400 (Eastern Daylight Time)
8.53,"483,648",35,942,"842,203",Thu Apr 25 2019 23:53:24 GMT-0400 (Eastern Daylight Time)
8.53,"483,987",35,942,"842,913",Sun Apr 28 2019 05:29:55 GMT-0400 (Eastern Daylight Time)
8.53,"484,031",35,942,"843,033",Sun Apr 28 2019 13:14:46 GMT-0400 (Eastern Daylight Time)
8.53,"484,031",35,942,"843,095",Sun Apr 28 2019 16:29:22 GMT-0400 (Eastern Daylight Time)
8.53,"484,249",34,952,"843,413",Mon Apr 29 2019 11:24:05 GMT-0400 (Eastern Daylight Time)
8.53,"484,336",34,952,"843,571",Mon Apr 29 2019 22:11:00 GMT-0400 (Eastern Daylight Time)
8.53,"484,392",34,952,"843,681",Tue Apr 30 2019 02:20:08 GMT-0400 (Eastern Daylight Time)
8.53,"484,770",35,952,"844,439",Thu May 02 2019 02:56:35 GMT-0400 (Eastern Daylight Time)
8.53,"484,780",35,952,"844,450",Thu May 02 2019 03:59:55 GMT-0400 (Eastern Daylight Time)
8.53,"485,177",35,952,"845,365",Sat May 04 2019 18:24:48 GMT-0400 (Eastern Daylight Time)
8.53,"485,177",35,952,"845,365",Sat May 04 2019 18:24:51 GMT-0400 (Eastern Daylight Time)
8.53,"485,310",35,952,"845,745",Sun May 05 2019 16:46:58 GMT-0400 (Eastern Daylight Time)
8.53,"485,408",35,952,"845,901",Sun May 05 2019 23:09:22 GMT-0400 (Eastern Daylight Time)
8.53,"485,600",34,952,"846,212",Mon May 06 2019 19:48:58 GMT-0400 (Eastern Daylight Time)
8.53,"485,934",34,942,"846,880",Wed May 08 2019 18:40:04 GMT-0400 (Eastern Daylight Time)
8.53,"486,111",34,942,"847,217",Thu May 09 2019 21:10:33 GMT-0400 (Eastern Daylight Time)
8.53,"486,179",34,942,"847,357",Fri May 10 2019 07:23:57 GMT-0400 (Eastern Daylight Time)
8.53,"486,257",35,932,"847,521",Fri May 10 2019 19:31:32 GMT-0400 (Eastern Daylight Time)
8.53,"486,498",35,932,"848,024",Sun May 12 2019 07:44:14 GMT-0400 (Eastern Daylight Time)
8.53,"486,572",35,932,"848,165",Sun May 12 2019 17:25:47 GMT-0400 (Eastern Daylight Time)
8.53,"486,589",35,932,"848,202",Sun May 12 2019 22:55:32 GMT-0400 (Eastern Daylight Time)
8.53,"486,634",35,932,"848,324",Mon May 13 2019 06:23:35 GMT-0400 (Eastern Daylight Time)
8.53,"486,727",35,932,"848,528",Mon May 13 2019 20:06:32 GMT-0400 (Eastern Daylight Time)
8.53,"486,837",35,932,"848,735",Tue May 14 2019 11:54:30 GMT-0400 (Eastern Daylight Time)
8.53,"487,050",34,932,"849,241",Wed May 15 2019 21:47:45 GMT-0400 (Eastern Daylight Time)
8.53,"487,403",35,932,"849,932",Fri May 17 2019 21:29:15 GMT-0400 (Eastern Daylight Time)
8.53,"487,566",35,932,"850,241",Sat May 18 2019 19:56:53 GMT-0400 (Eastern Daylight Time)
8.53,"487,719",35,932,"850,572",Sun May 19 2019 18:02:13 GMT-0400 (Eastern Daylight Time)
8.53,"487,939",35,932,"851,052",Mon May 20 2019 21:32:02 GMT-0400 (Eastern Daylight Time)
8.53,"487,961",35,932,"851,113",Mon May 20 2019 23:48:06 GMT-0400 (Eastern Daylight Time)
8.52,"482,047",35,932,"851,416",Tue May 21 2019 16:58:33 GMT-0400 (Eastern Daylight Time)
8.53,"488,143",35,932,"851,455",Tue May 21 2019 18:31:02 GMT-0400 (Eastern Daylight Time)
8.53,"488,187",35,932,"851,557",Tue May 21 2019 23:04:17 GMT-0400 (Eastern Daylight Time)
8.53,"488,484",36,932,"852,196",Thu May 23 2019 15:41:44 GMT-0400 (Eastern Daylight Time)
8.53,"488,520",36,932,"852,250",Thu May 23 2019 19:20:14 GMT-0400 (Eastern Daylight Time)
8.53,"488,660",36,932,"852,573",Fri May 24 2019 17:49:55 GMT-0400 (Eastern Daylight Time)
8.53,"488,735",35,932,"852,681",Fri May 24 2019 23:57:42 GMT-0400 (Eastern Daylight Time)
8.53,"488,818",36,932,"852,875",Sat May 25 2019 15:05:51 GMT-0400 (Eastern Daylight Time)
8.53,"488,988",36,932,"853,186",Sun May 26 2019 10:21:48 GMT-0400 (Eastern Daylight Time)
8.53,"489,053",36,932,"853,376",Sun May 26 2019 18:57:16 GMT-0400 (Eastern Daylight Time)
8.53,"489,302",36,932,"853,932",Mon May 27 2019 22:04:24 GMT-0400 (Eastern Daylight Time)
8.53,"489,550",36,932,"854,382",Tue May 28 2019 23:37:46 GMT-0400 (Eastern Daylight Time)
8.53,"489,761",36,932,"854,792",Thu May 30 2019 01:06:50 GMT-0400 (Eastern Daylight Time)
8.53,"490,108",36,932,"855,430",Fri May 31 2019 17:57:25 GMT-0400 (Eastern Daylight Time)
8.53,"490,108",36,932,"855,430",Fri May 31 2019 17:57:42 GMT-0400 (Eastern Daylight Time)
8.53,"490,175",36,932,"855,576",Sat Jun 01 2019 01:50:07 GMT-0400 (Eastern Daylight Time)
8.53,"490,175",36,932,"855,576",Sat Jun 01 2019 01:50:08 GMT-0400 (Eastern Daylight Time)
8.53,"490,499",36,932,"856,265",Sun Jun 02 2019 20:52:59 GMT-0400 (Eastern Daylight Time)
8.53,"490,945",36,932,"857,148",Tue Jun 04 2019 20:04:18 GMT-0400 (Eastern Daylight Time)
8.53,"491,142",36,932,"857,549",Wed Jun 05 2019 20:18:43 GMT-0400 (Eastern Daylight Time)
8.53,"491,276",36,932,"857,871",Thu Jun 06 2019 16:07:21 GMT-0400 (Eastern Daylight Time)
8.53,"491,433",36,932,"858,166",Fri Jun 07 2019 11:43:14 GMT-0400 (Eastern Daylight Time)
8.53,"491,479",36,932,"858,265",Fri Jun 07 2019 18:03:30 GMT-0400 (Eastern Daylight Time)
8.53,"491,496",36,932,"858,319",Fri Jun 07 2019 20:25:05 GMT-0400 (Eastern Daylight Time)
8.53,"491,496",36,932,"858,319",Fri Jun 07 2019 20:52:18 GMT-0400 (Eastern Daylight Time)
8.53,"491,529",36,932,"858,384",Sat Jun 08 2019 00:27:12 GMT-0400 (Eastern Daylight Time)
8.53,"491,794",35,932,"859,016",Sun Jun 09 2019 19:09:38 GMT-0400 (Eastern Daylight Time)
8.53,"491,805",35,932,"859,052",Sun Jun 09 2019 21:08:11 GMT-0400 (Eastern Daylight Time)
8.53,"491,911",36,932,"859,231",Mon Jun 10 2019 08:20:48 GMT-0400 (Eastern Daylight Time)
8.53,"491,919",36,932,"859,250",Mon Jun 10 2019 09:53:43 GMT-0400 (Eastern Daylight Time)
8.53,"491,986",36,932,"859,432",Mon Jun 10 2019 19:40:13 GMT-0400 (Eastern Daylight Time)
8.53,"492,165",36,932,"859,824",Tue Jun 11 2019 21:04:53 GMT-0400 (Eastern Daylight Time)
8.53,"492,371",36,932,"860,197",Thu Jun 13 2019 00:08:01 GMT-0400 (Eastern Daylight Time)
8.53,"492,371",36,932,"860,197",Thu Jun 13 2019 00:08:03 GMT-0400 (Eastern Daylight Time)
8.53,"492,395",36,932,"860,253",Thu Jun 13 2019 04:02:28 GMT-0400 (Eastern Daylight Time)
8.53,"492,723",36,932,"860,906",Sat Jun 15 2019 02:26:11 GMT-0400 (Eastern Daylight Time)
8.53,"492,918",36,932,"861,300",Sun Jun 16 2019 06:01:38 GMT-0400 (Eastern Daylight Time)
8.53,"493,018",36,932,"861,559",Sun Jun 16 2019 21:47:49 GMT-0400 (Eastern Daylight Time)
8.53,"493,141",36,932,"861,776",Mon Jun 17 2019 13:24:32 GMT-0400 (Eastern Daylight Time)
8.53,"493,828",36,942,"863,216",Fri Jun 21 2019 05:03:14 GMT-0400 (Eastern Daylight Time)
8.53,"494,008",36,942,"863,528",Fri Jun 21 2019 23:59:41 GMT-0400 (Eastern Daylight Time)
8.53,"494,084",36,942,"863,768",Sat Jun 22 2019 16:36:54 GMT-0400 (Eastern Daylight Time)
8.53,"494,136",36,942,"863,824",Sat Jun 22 2019 19:34:13 GMT-0400 (Eastern Daylight Time)
8.53,"494,187",36,942,"863,905",Sat Jun 22 2019 23:32:12 GMT-0400 (Eastern Daylight Time)
8.53,"494,187",36,942,"863,905",Sat Jun 22 2019 23:32:58 GMT-0400 (Eastern Daylight Time)
8.53,"494,222",36,942,"863,962",Sun Jun 23 2019 03:29:54 GMT-0400 (Eastern Daylight Time)
8.53,"494,422",36,942,"864,299",Sun Jun 23 2019 22:43:23 GMT-0400 (Eastern Daylight Time)
8.53,"494,439",36,942,"864,359",Mon Jun 24 2019 01:15:24 GMT-0400 (Eastern Daylight Time)
8.53,"494,646",35,942,"864,711",Mon Jun 24 2019 23:48:09 GMT-0400 (Eastern Daylight Time)
8.53,"494,924",36,932,"865,237",Wed Jun 26 2019 04:28:58 GMT-0400 (Eastern Daylight Time)
8.53,"495,125",36,932,"865,654",Thu Jun 27 2019 06:10:03 GMT-0400 (Eastern Daylight Time)
8.53,"495,307",36,932,"866,014",Fri Jun 28 2019 05:48:03 GMT-0400 (Eastern Daylight Time)
8.53,"495,536",36,932,"866,544",Sat Jun 29 2019 17:31:08 GMT-0400 (Eastern Daylight Time)
8.53,"495,536",36,932,"866,544",Sat Jun 29 2019 17:48:02 GMT-0400 (Eastern Daylight Time)
8.53,"495,833",35,932,"867,074",Sun Jun 30 2019 23:31:55 GMT-0400 (Eastern Daylight Time)
8.53,"495,864",35,932,"867,098",Mon Jul 01 2019 00:23:13 GMT-0400 (Eastern Daylight Time)
8.53,"496,662",36,932,"868,659",Thu Jul 04 2019 13:33:37 GMT-0400 (Eastern Daylight Time)
8.53,"497,008",35,932,"869,315",Sat Jul 06 2019 02:39:46 GMT-0400 (Eastern Daylight Time)
8.53,"497,008",35,932,"869,331",Sat Jul 06 2019 03:16:26 GMT-0400 (Eastern Daylight Time)
8.53,"497,234",35,932,"869,739",Sun Jul 07 2019 03:46:58 GMT-0400 (Eastern Daylight Time)
8.53,"497,431",36,932,"870,154",Mon Jul 08 2019 00:24:01 GMT-0400 (Eastern Daylight Time)
8.53,"497,431",36,932,"870,154",Mon Jul 08 2019 00:25:38 GMT-0400 (Eastern Daylight Time)
8.53,"497,431",36,932,"870,174",Mon Jul 08 2019 01:16:59 GMT-0400 (Eastern Daylight Time)
8.53,"497,511",36,942,"870,526",Mon Jul 08 2019 20:22:28 GMT-0400 (Eastern Daylight Time)
8.53,"497,511",36,942,"870,604",Mon Jul 08 2019 23:58:44 GMT-0400 (Eastern Daylight Time)
8.53,"497,792",36,942,"870,913",Tue Jul 09 2019 17:25:24 GMT-0400 (Eastern Daylight Time)
8.53,"498,003",36,942,"871,271",Wed Jul 10 2019 12:25:36 GMT-0400 (Eastern Daylight Time)
8.53,"498,236",36,942,"871,799",Thu Jul 11 2019 14:59:04 GMT-0400 (Eastern Daylight Time)
8.53,"498,236",36,942,"871,799",Thu Jul 11 2019 14:59:10 GMT-0400 (Eastern Daylight Time)
8.53,"498,236",36,942,"871,921",Thu Jul 11 2019 19:43:04 GMT-0400 (Eastern Daylight Time)
8.53,"498,426",36,942,"872,124",Fri Jul 12 2019 05:09:46 GMT-0400 (Eastern Daylight Time)
8.53,"498,426",35,942,"872,175",Fri Jul 12 2019 08:34:19 GMT-0400 (Eastern Daylight Time)
8.53,"498,542",35,942,"872,561",Sat Jul 13 2019 06:26:40 GMT-0400 (Eastern Daylight Time)
8.53,"498,542",35,942,"872,611",Sat Jul 13 2019 10:21:13 GMT-0400 (Eastern Daylight Time)
8.53,"498,686",35,942,"872,792",Sat Jul 13 2019 19:28:21 GMT-0400 (Eastern Daylight Time)
8.53,"498,837",35,942,"872,921",Sun Jul 14 2019 02:16:58 GMT-0400 (Eastern Daylight Time)
8.53,"498,897",35,942,"873,103",Sun Jul 14 2019 13:08:33 GMT-0400 (Eastern Daylight Time)
8.53,"498,897",35,952,"873,386",Mon Jul 15 2019 01:14:19 GMT-0400 (Eastern Daylight Time)
8.53,"499,198",35,942,"873,810",Mon Jul 15 2019 22:51:36 GMT-0400 (Eastern Daylight Time)
8.53,"499,198",35,942,"873,962",Tue Jul 16 2019 05:46:53 GMT-0400 (Eastern Daylight Time)
8.53,"499,198",35,932,"874,007",Tue Jul 16 2019 08:32:45 GMT-0400 (Eastern Daylight Time)
8.53,"499,777",35,932,"874,895",Thu Jul 18 2019 07:48:25 GMT-0400 (Eastern Daylight Time)
8.53,"499,878",35,932,"875,132",Thu Jul 18 2019 21:18:45 GMT-0400 (Eastern Daylight Time)
8.53,"500,182",35,942,"875,737",Sat Jul 20 2019 07:51:03 GMT-0400 (Eastern Daylight Time)
8.53,"500,337",35,942,"876,061",Sun Jul 21 2019 01:35:41 GMT-0400 (Eastern Daylight Time)
8.53,"500,355",35,942,"876,078",Sun Jul 21 2019 02:36:15 GMT-0400 (Eastern Daylight Time)
8.53,"500,355",35,942,"876,078",Sun Jul 21 2019 02:36:17 GMT-0400 (Eastern Daylight Time)
8.53,"500,439",35,942,"876,264",Sun Jul 21 2019 14:16:23 GMT-0400 (Eastern Daylight Time)
8.53,"500,439",35,942,"876,264",Sun Jul 21 2019 14:27:41 GMT-0400 (Eastern Daylight Time)
8.53,"500,575",35,942,"876,535",Mon Jul 22 2019 01:39:38 GMT-0400 (Eastern Daylight Time)
8.53,"500,575",35,942,"876,562",Mon Jul 22 2019 03:22:12 GMT-0400 (Eastern Daylight Time)
8.53,"501,017",36,942,"877,408",Tue Jul 23 2019 23:42:11 GMT-0400 (Eastern Daylight Time)
8.53,"501,017",36,942,"877,428",Wed Jul 24 2019 00:49:04 GMT-0400 (Eastern Daylight Time)
8.53,"501,017",36,942,"877,428",Wed Jul 24 2019 00:49:16 GMT-0400 (Eastern Daylight Time)
8.53,"501,280",37,942,"878,137",Thu Jul 25 2019 19:24:05 GMT-0400 (Eastern Daylight Time)
8.53,"501,280",37,942,"878,572",Fri Jul 26 2019 22:38:29 GMT-0400 (Eastern Daylight Time)
8.53,"501,280",37,942,"878,892",Sat Jul 27 2019 20:58:38 GMT-0400 (Eastern Daylight Time)
8.53,"501,280",37,942,"878,911",Sat Jul 27 2019 21:41:03 GMT-0400 (Eastern Daylight Time)
8.53,"501,280",37,942,"879,180",Sun Jul 28 2019 14:31:39 GMT-0400 (Eastern Daylight Time)
8.53,"501,280",37,942,"879,432",Sun Jul 28 2019 23:43:33 GMT-0400 (Eastern Daylight Time)
8.53,"501,280",37,942,"879,432",Sun Jul 28 2019 23:43:39 GMT-0400 (Eastern Daylight Time)
8.53,"501,280",37,942,"879,466",Mon Jul 29 2019 02:05:18 GMT-0400 (Eastern Daylight Time)
8.53,"501,280",37,942,"879,720",Mon Jul 29 2019 18:23:30 GMT-0400 (Eastern Daylight Time)
8.53,"501,280",37,942,"879,883",Tue Jul 30 2019 01:37:36 GMT-0400 (Eastern Daylight Time)
8.53,"501,280",37,942,"880,059",Tue Jul 30 2019 13:25:12 GMT-0400 (Eastern Daylight Time)
8.53,"502,527",37,942,"880,495",Wed Jul 31 2019 14:39:55 GMT-0400 (Eastern Daylight Time)
8.53,"502,527",37,942,"881,158",Fri Aug 02 2019 08:57:02 GMT-0400 (Eastern Daylight Time)
8.53,"502,527",37,942,"881,404",Fri Aug 02 2019 18:26:31 GMT-0400 (Eastern Daylight Time)
8.53,"502,527",37,942,"881,592",Sat Aug 03 2019 02:31:13 GMT-0400 (Eastern Daylight Time)
8.53,"502,527",37,942,"881,592",Sat Aug 03 2019 02:31:27 GMT-0400 (Eastern Daylight Time)
8.53,"502,527",37,942,"881,855",Sat Aug 03 2019 17:27:59 GMT-0400 (Eastern Daylight Time)
8.53,"502,527",37,942,"882,271",Sun Aug 04 2019 17:18:14 GMT-0400 (Eastern Daylight Time)
8.53,"502,527",37,942,"882,481",Mon Aug 05 2019 02:56:14 GMT-0400 (Eastern Daylight Time)
8.53,"504,042",37,952,"883,289",Wed Aug 07 2019 00:06:10 GMT-0400 (Eastern Daylight Time)
8.53,"504,042",37,952,"883,313",Wed Aug 07 2019 01:35:23 GMT-0400 (Eastern Daylight Time)
8.53,"504,092",37,952,"883,400",Wed Aug 07 2019 07:23:08 GMT-0400 (Eastern Daylight Time)
8.53,"504,139",37,962,"883,485",Wed Aug 07 2019 13:46:04 GMT-0400 (Eastern Daylight Time)
8.53,"504,202",37,962,"883,606",Wed Aug 07 2019 20:21:49 GMT-0400 (Eastern Daylight Time)
8.53,"504,320",37,962,"883,851",Thu Aug 08 2019 09:18:41 GMT-0400 (Eastern Daylight Time)
8.53,"504,733",37,962,"884,601",Sat Aug 10 2019 07:53:46 GMT-0400 (Eastern Daylight Time)
8.53,"504,761",37,962,"884,658",Sat Aug 10 2019 12:13:42 GMT-0400 (Eastern Daylight Time)
8.53,"504,844",37,962,"884,794",Sat Aug 10 2019 19:59:31 GMT-0400 (Eastern Daylight Time)
8.53,"505,162",36,972,"885,433",Mon Aug 12 2019 03:21:21 GMT-0400 (Eastern Daylight Time)
8.53,"505,416",36,972,"885,783",Mon Aug 12 2019 21:17:47 GMT-0400 (Eastern Daylight Time)
8.53,"505,490",36,972,"885,950",Tue Aug 13 2019 04:57:22 GMT-0400 (Eastern Daylight Time)
8.53,"505,645",36,962,"886,211",Tue Aug 13 2019 18:32:43 GMT-0400 (Eastern Daylight Time)
8.53,"505,786",37,942,"886,486",Wed Aug 14 2019 07:45:54 GMT-0400 (Eastern Daylight Time)
8.53,"506,035",37,942,"886,918",Thu Aug 15 2019 07:33:28 GMT-0400 (Eastern Daylight Time)
8.53,"506,035",37,942,"886,932",Thu Aug 15 2019 08:02:55 GMT-0400 (Eastern Daylight Time)
8.53,"506,558",37,952,"887,973",Sat Aug 17 2019 19:00:46 GMT-0400 (Eastern Daylight Time)
8.53,"506,885",37,952,"888,576",Mon Aug 19 2019 04:12:58 GMT-0400 (Eastern Daylight Time)
8.53,"506,953",36,952,"888,717",Mon Aug 19 2019 13:08:13 GMT-0400 (Eastern Daylight Time)
8.53,"508,115",36,942,"891,017",Sun Aug 25 2019 12:24:04 GMT-0400 (Eastern Daylight Time)
8.53,"508,270",36,952,"891,328",Mon Aug 26 2019 04:37:18 GMT-0400 (Eastern Daylight Time)
8.53,"508,712",37,962,"892,259",Wed Aug 28 2019 20:03:27 GMT-0400 (Eastern Daylight Time)
8.53,"508,712",37,952,"892,275",Wed Aug 28 2019 20:45:26 GMT-0400 (Eastern Daylight Time)
8.53,"508,934",37,952,"892,735",Fri Aug 30 2019 04:47:30 GMT-0400 (Eastern Daylight Time)
8.53,"508,934",37,952,"892,735",Fri Aug 30 2019 05:00:45 GMT-0400 (Eastern Daylight Time)
8.53,"508,934",37,952,"892,735",Fri Aug 30 2019 05:20:57 GMT-0400 (Eastern Daylight Time)
8.53,"508,934",37,952,"892,751",Fri Aug 30 2019 05:41:24 GMT-0400 (Eastern Daylight Time)
8.53,"508,934",37,952,"892,751",Fri Aug 30 2019 06:18:23 GMT-0400 (Eastern Daylight Time)
8.53,"508,934",37,952,"892,751",Fri Aug 30 2019 06:29:09 GMT-0400 (Eastern Daylight Time)
8.53,"508,934",37,952,"892,756",Fri Aug 30 2019 08:34:35 GMT-0400 (Eastern Daylight Time)
8.53,"509,417",37,952,"893,764",Sun Sep 01 2019 23:58:27 GMT-0400 (Eastern Daylight Time)
8.53,"509,441",37,952,"893,875",Mon Sep 02 2019 05:11:42 GMT-0400 (Eastern Daylight Time)
8.53,"509,940",37,932,"894,829",Wed Sep 04 2019 18:42:52 GMT-0400 (Eastern Daylight Time)
8.53,"510,742",36,922,"896,468",Mon Sep 09 2019 05:45:12 GMT-0400 (Eastern Daylight Time)
8.53,"511,129",36,912,"897,296",Wed Sep 11 2019 20:22:06 GMT-0400 (Eastern Daylight Time)
8.53,"511,865",37,892,"898,779",Mon Sep 16 2019 06:35:18 GMT-0400 (Eastern Daylight Time)
8.53,"512,038",37,892,"899,149",Tue Sep 17 2019 08:13:49 GMT-0400 (Eastern Daylight Time)
8.53,"512,101",37,892,"899,287",Tue Sep 17 2019 19:09:20 GMT-0400 (Eastern Daylight Time)
8.53,"512,101",37,892,"899,287",Tue Sep 17 2019 19:21:56 GMT-0400 (Eastern Daylight Time)
8.53,"512,311",37,892,"899,686",Thu Sep 19 2019 01:36:19 GMT-0400 (Eastern Daylight Time)
8.53,"512,664",37,892,"900,410",Sat Sep 21 2019 07:39:04 GMT-0400 (Eastern Daylight Time)
8.53,"512,815",37,892,"900,706",Sun Sep 22 2019 02:50:24 GMT-0400 (Eastern Daylight Time)
8.53,"513,039",37,892,"901,185",Mon Sep 23 2019 07:45:56 GMT-0400 (Eastern Daylight Time)
8.53,"513,434",37,892,"901,930",Wed Sep 25 2019 14:56:12 GMT-0400 (Eastern Daylight Time)
8.53,"513,507",37,892,"902,117",Thu Sep 26 2019 00:23:49 GMT-0400 (Eastern Daylight Time)
8.53,"513,565",37,892,"902,183",Thu Sep 26 2019 05:02:23 GMT-0400 (Eastern Daylight Time)
8.53,"513,565",37,892,"902,200",Thu Sep 26 2019 05:16:52 GMT-0400 (Eastern Daylight Time)
8.53,"513,622",37,892,"902,378",Thu Sep 26 2019 18:52:52 GMT-0400 (Eastern Daylight Time)
8.53,"513,702",37,892,"902,459",Thu Sep 26 2019 23:18:23 GMT-0400 (Eastern Daylight Time)
8.53,"513,750",37,882,"902,615",Fri Sep 27 2019 13:00:31 GMT-0400 (Eastern Daylight Time)
8.53,"514,336",37,892,"903,751",Mon Sep 30 2019 08:24:46 GMT-0400 (Eastern Daylight Time)
8.53,"515,194",37,902,"905,466",Sat Oct 05 2019 01:48:22 GMT-0400 (Eastern Daylight Time)
8.53,"515,610",37,902,"906,346",Mon Oct 07 2019 09:24:51 GMT-0400 (Eastern Daylight Time)
8.53,"515,957",37,902,"907,071",Wed Oct 09 2019 05:53:27 GMT-0400 (Eastern Daylight Time)
8.53,"518,505",36,892,"910,769",Sun Oct 13 2019 03:51:30 GMT-0400 (Eastern Daylight Time)
8.53,"518,701",36,892,"911,122",Sun Oct 13 2019 12:34:29 GMT-0400 (Eastern Daylight Time)
8.53,"519,361",36,892,"912,054",Mon Oct 14 2019 10:07:55 GMT-0400 (Eastern Daylight Time)
8.53,"519,552",36,892,"912,250",Mon Oct 14 2019 15:26:08 GMT-0400 (Eastern Daylight Time)
8.53,"520,952",36,892,"914,306",Wed Oct 16 2019 23:29:36 GMT-0400 (Eastern Daylight Time)
8.53,"521,042",36,892,"914,482",Thu Oct 17 2019 04:10:00 GMT-0400 (Eastern Daylight Time)
8.53,"521,042",36,892,"914,506",Thu Oct 17 2019 04:57:40 GMT-0400 (Eastern Daylight Time)
8.53,"521,042",36,892,"914,506",Thu Oct 17 2019 05:02:01 GMT-0400 (Eastern Daylight Time)
8.53,"521,042",36,892,"914,506",Thu Oct 17 2019 05:02:07 GMT-0400 (Eastern Daylight Time)
8.53,"521,110",36,892,"914,506",Thu Oct 17 2019 05:26:42 GMT-0400 (Eastern Daylight Time)
8.53,"522,485",36,892,"916,667",Sun Oct 20 2019 18:49:25 GMT-0400 (Eastern Daylight Time)
8.53,"522,750",37,872,"917,104",Mon Oct 21 2019 11:40:05 GMT-0400 (Eastern Daylight Time)
8.53,"523,984",37,862,"919,180",Fri Oct 25 2019 16:33:04 GMT-0400 (Eastern Daylight Time)
8.53,"523,984",37,862,"919,198",Fri Oct 25 2019 16:49:46 GMT-0400 (Eastern Daylight Time)
8.53,"524,632",37,862,"920,382",Mon Oct 28 2019 03:33:02 GMT-0400 (Eastern Daylight Time)
8.53,"524,767",37,862,"920,616",Mon Oct 28 2019 17:46:06 GMT-0400 (Eastern Daylight Time)
8.53,"525,131",37,862,"921,266",Wed Oct 30 2019 00:36:03 GMT-0400 (Eastern Daylight Time)
8.53,"525,356",37,862,"921,621",Wed Oct 30 2019 22:03:46 GMT-0400 (Eastern Daylight Time)
8.53,"525,854",37,862,"922,503",Sat Nov 02 2019 07:35:47 GMT-0400 (Eastern Daylight Time)
8.53,"525,854",37,862,"922,503",Sat Nov 02 2019 07:35:59 GMT-0400 (Eastern Daylight Time)
8.53,"526,849",37,862,"924,276",Wed Nov 06 2019 09:22:23 GMT-0500 (Eastern Standard Time)
8.53,"527,188",37,872,"924,866",Thu Nov 07 2019 20:57:42 GMT-0500 (Eastern Standard Time)
8.53,"527,415",37,872,"925,277",Fri Nov 08 2019 20:49:14 GMT-0500 (Eastern Standard Time)
8.53,"528,220",37,872,"926,867",Tue Nov 12 2019 17:05:35 GMT-0500 (Eastern Standard Time)
8.53,"528,252",37,872,"926,946",Tue Nov 12 2019 21:31:34 GMT-0500 (Eastern Standard Time)
8.53,"528,901",37,862,"928,049",Fri Nov 15 2019 21:39:25 GMT-0500 (Eastern Standard Time)
8.53,"528,901",37,862,"928,089",Fri Nov 15 2019 23:50:11 GMT-0500 (Eastern Standard Time)
8.53,"529,401",37,862,"928,969",Sun Nov 17 2019 23:16:35 GMT-0500 (Eastern Standard Time)
8.53,"529,596",37,862,"929,352",Mon Nov 18 2019 20:48:50 GMT-0500 (Eastern Standard Time)
8.53,"530,486",37,872,"931,027",Sat Nov 23 2019 00:35:04 GMT-0500 (Eastern Standard Time)
8.53,"530,531",37,872,"931,069",Sat Nov 23 2019 03:46:44 GMT-0500 (Eastern Standard Time)
8.53,"530,709",37,872,"931,406",Sat Nov 23 2019 22:20:42 GMT-0500 (Eastern Standard Time)
8.53,"530,709",37,872,"931,406",Sat Nov 23 2019 22:47:46 GMT-0500 (Eastern Standard Time)
8.53,"531,579",37,862,"933,086",Wed Nov 27 2019 22:19:04 GMT-0500 (Eastern Standard Time)
8.53,"531,827",37,862,"933,532",Fri Nov 29 2019 02:01:50 GMT-0500 (Eastern Standard Time)
8.53,"531,917",37,862,"933,678",Fri Nov 29 2019 15:18:21 GMT-0500 (Eastern Standard Time)
8.53,"532,152",37,852,"934,064",Sat Nov 30 2019 16:13:13 GMT-0500 (Eastern Standard Time)
8.53,"532,241",37,852,"934,220",Sun Dec 01 2019 00:24:24 GMT-0500 (Eastern Standard Time)
8.53,"532,586",37,852,"934,839",Mon Dec 02 2019 14:18:24 GMT-0500 (Eastern Standard Time)
8.53,"532,672",37,852,"934,964",Mon Dec 02 2019 21:41:27 GMT-0500 (Eastern Standard Time)
8.53,"533,893",37,882,"937,221",Mon Dec 09 2019 00:30:51 GMT-0500 (Eastern Standard Time)
8.53,"534,030",37,882,"937,531",Mon Dec 09 2019 21:07:17 GMT-0500 (Eastern Standard Time)
8.53,"534,569",37,882,"938,423",Thu Dec 12 2019 07:27:47 GMT-0500 (Eastern Standard Time)
8.53,"534,616",37,882,"938,557",Thu Dec 12 2019 17:28:37 GMT-0500 (Eastern Standard Time)
8.53,"534,616",37,882,"938,557",Thu Dec 12 2019 17:39:52 GMT-0500 (Eastern Standard Time)
8.53,"534,616",37,882,"938,557",Thu Dec 12 2019 17:39:54 GMT-0500 (Eastern Standard Time)
8.53,"534,616",37,882,"938,557",Thu Dec 12 2019 17:40:03 GMT-0500 (Eastern Standard Time)
8.53,"534,829",37,882,"939,008",Fri Dec 13 2019 23:07:09 GMT-0500 (Eastern Standard Time)
8.53,"535,212",37,852,"939,668",Sun Dec 15 2019 14:38:38 GMT-0500 (Eastern Standard Time)
8.53,"535,212",37,852,"939,729",Sun Dec 15 2019 17:14:47 GMT-0500 (Eastern Standard Time)
8.53,"535,461",37,852,"940,172",Mon Dec 16 2019 16:33:59 GMT-0500 (Eastern Standard Time)
8.53,535608,37,862,"940,427",Tue Dec 17 2019 03:21:24 GMT-0500 (Eastern Standard Time)
8.53,535899,37,862,"941,000",Wed Dec 18 2019 11:52:18 GMT-0500 (Eastern Standard Time)
8.53,537121,36,852,"943,301",Tue Dec 24 2019 03:41:26 GMT-0500 (Eastern Standard Time)
8.53,538071,36,852,"945,097",Sat Dec 28 2019 17:04:16 GMT-0500 (Eastern Standard Time)
8.53,538330,36,852,"945,518",Sun Dec 29 2019 14:38:56 GMT-0500 (Eastern Standard Time)
8.53,538822,36,852,"946,346",Tue Dec 31 2019 02:24:15 GMT-0500 (Eastern Standard Time)
8.53,538876,36,852,"946,434",Tue Dec 31 2019 05:08:13 GMT-0500 (Eastern Standard Time)
8.53,539759,35,852,"948,039",Fri Jan 03 2020 07:52:57 GMT-0500 (Eastern Standard Time)
8.53,540374,35,852,"949,093",Sat Jan 04 2020 23:48:20 GMT-0500 (Eastern Standard Time)
8.53,541109,36,852,"950,480",Tue Jan 07 2020 06:05:39 GMT-0500 (Eastern Standard Time)
8.53,541638,36,852,"951,475",Thu Jan 09 2020 00:13:04 GMT-0500 (Eastern Standard Time)
8.53,541942,36,852,"952,010",Fri Jan 10 2020 01:32:55 GMT-0500 (Eastern Standard Time)
8.53,542592,36,862,"953,153",Sun Jan 12 2020 03:51:27 GMT-0500 (Eastern Standard Time)
8.53,542634,36,862,"953,221",Sun Jan 12 2020 06:28:47 GMT-0500 (Eastern Standard Time)
8.53,543207,36,852,"954,345",Tue Jan 14 2020 02:36:49 GMT-0500 (Eastern Standard Time)
8.53,543242,36,852,"954,436",Tue Jan 14 2020 07:46:37 GMT-0500 (Eastern Standard Time)
8.52,544923,35,902,"957,737",Mon Jan 20 2020 19:54:41 GMT-0500 (Eastern Standard Time)
8.52,545090,35,902,"957,980",Tue Jan 21 2020 09:04:01 GMT-0500 (Eastern Standard Time)
8.52,545218,35,902,"958,265",Tue Jan 21 2020 22:29:28 GMT-0500 (Eastern Standard Time)
8.52,545317,35,902,"958,422",Wed Jan 22 2020 04:36:54 GMT-0500 (Eastern Standard Time)
8.52,545566,35,902,"958,847",Thu Jan 23 2020 02:02:04 GMT-0500 (Eastern Standard Time)
8.52,545622,35,902,"958,948",Thu Jan 23 2020 06:46:43 GMT-0500 (Eastern Standard Time)
8.52,546115,34,902,"959,820",Sat Jan 25 2020 06:22:51 GMT-0500 (Eastern Standard Time)
8.52,546354,34,902,"960,297",Sun Jan 26 2020 10:13:57 GMT-0500 (Eastern Standard Time)
8.52,546829,33,902,"961,220",Tue Jan 28 2020 09:43:47 GMT-0500 (Eastern Standard Time)
8.52,546981,33,902,"961,523",Wed Jan 29 2020 01:05:21 GMT-0500 (Eastern Standard Time)
8.52,547086,33,902,"961,717",Wed Jan 29 2020 13:52:39 GMT-0500 (Eastern Standard Time)
8.52,547908,35,892,"963,305",Sun Feb 02 2020 09:02:33 GMT-0500 (Eastern Standard Time)
8.52,548358,36,892,"964,182",Tue Feb 04 2020 10:45:08 GMT-0500 (Eastern Standard Time)
8.53,550334,36,852,"967,210",Sun Feb 09 2020 04:09:12 GMT-0500 (Eastern Standard Time)
8.52,551102,36,912,"968,461",Tue Feb 11 2020 11:32:36 GMT-0500 (Eastern Standard Time)
8.48,553113,36,1082,"972,117",Tue Feb 18 2020 11:58:13 GMT-0500 (Eastern Standard Time)
8.48,554735,35,1082,"975,138",Tue Feb 25 2020 12:36:20 GMT-0500 (Eastern Standard Time)
8.48,556483,36,1092,"978,261",Tue Mar 03 2020 13:31:59 GMT-0500 (Eastern Standard Time)
8.48,556845,36,1082,"978,976",Thu Mar 05 2020 09:05:36 GMT-0500 (Eastern Standard Time)
8.48,557997,36,1072,"981,074",Tue Mar 10 2020 14:11:33 GMT-0400 (Eastern Daylight Time)
8.48,558153,36,1072,"981,452",Wed Mar 11 2020 13:02:29 GMT-0400 (Eastern Daylight Time)
8.48,559293,36,1082,"983,756",Tue Mar 17 2020 03:33:42 GMT-0400 (Eastern Daylight Time)
8.48,559368,36,1082,"983,910",Tue Mar 17 2020 15:07:54 GMT-0400 (Eastern Daylight Time)
8.48,559599,36,1072,"984,417",Wed Mar 18 2020 10:08:41 GMT-0400 (Eastern Daylight Time)
8.48,561554,36,1082,"988,060",Tue Mar 24 2020 15:48:43 GMT-0400 (Eastern Daylight Time)
8.48,561778,35,1082,"988,542",Wed Mar 25 2020 07:37:19 GMT-0400 (Eastern Daylight Time)
8.48,563601,35,1082,"991,947",Mon Mar 30 2020 06:38:39 GMT-0400 (Eastern Daylight Time)
8.48,564134,35,1082,"992,941",Tue Mar 31 2020 17:47:13 GMT-0400 (Eastern Daylight Time)
8.48,564134,35,1082,"992,968",Tue Mar 31 2020 19:10:19 GMT-0400 (Eastern Daylight Time)
8.48,567088,34,1082,"998,243",Tue Apr 07 2020 18:18:18 GMT-0400 (Eastern Daylight Time)
8.48,570215,35,1102,"1,004,037",Tue Apr 14 2020 18:44:46 GMT-0400 (Eastern Daylight Time)
8.48,570215,35,1102,"1,004,037",Tue Apr 14 2020 19:21:08 GMT-0400 (Eastern Daylight Time)
8.48,570303,35,1102,"1,004,206",Tue Apr 14 2020 23:20:44 GMT-0400 (Eastern Daylight Time)
8.48,576042,33,1102,"1,013,201",Tue Apr 21 2020 19:29:43 GMT-0400 (Eastern Daylight Time)
8.48,578542,33,1102,"1,017,481",Sun Apr 26 2020 04:10:13 GMT-0400 (Eastern Daylight Time)
8.48,580047,33,1102,"1,020,089",Tue Apr 28 2020 21:03:23 GMT-0400 (Eastern Daylight Time)
8.48,580391,34,1102,"1,020,865",Wed Apr 29 2020 16:54:18 GMT-0400 (Eastern Daylight Time)
8.48,581416,35,1082,"1,022,615",Fri May 01 2020 14:03:29 GMT-0400 (Eastern Daylight Time)
8.48,582458,34,1072,"1,024,610",Sun May 03 2020 20:41:49 GMT-0400 (Eastern Daylight Time)
8.48,582458,34,1072,"1,024,610",Sun May 03 2020 20:54:09 GMT-0400 (Eastern Daylight Time)
8.48,583485,34,1072,"1,026,446",Tue May 05 2020 21:35:41 GMT-0400 (Eastern Daylight Time)
8.48,583887,34,1072,"1,027,128",Wed May 06 2020 16:43:36 GMT-0400 (Eastern Daylight Time)
8.48,586833,33,1072,"1,032,838",Tue May 12 2020 23:18:38 GMT-0400 (Eastern Daylight Time)
8.48,587180,33,1072,"1,033,360",Wed May 13 2020 12:07:38 GMT-0400 (Eastern Daylight Time)
8.48,588980,34,1072,"1,036,704",Sun May 17 2020 13:46:12 GMT-0400 (Eastern Daylight Time)
8.48,589499,34,1072,"1,037,720",Mon May 18 2020 18:17:16 GMT-0400 (Eastern Daylight Time)
8.48,589977,34,1072,"1,038,862",Tue May 19 2020 22:59:32 GMT-0400 (Eastern Daylight Time)
8.48,590879,34,1062,"1,040,475",Thu May 21 2020 21:39:41 GMT-0400 (Eastern Daylight Time)
8.48,593237,34,1062,"1,045,621",Tue May 26 2020 23:47:06 GMT-0400 (Eastern Daylight Time)
8.48,594033,32,1072,"1,047,139",Thu May 28 2020 17:11:45 GMT-0400 (Eastern Daylight Time)
8.48,594163,32,1072,"1,047,470",Fri May 29 2020 02:44:13 GMT-0400 (Eastern Daylight Time)
8.48,594163,32,1072,"1,047,470",Fri May 29 2020 02:53:37 GMT-0400 (Eastern Daylight Time)
8.48,594163,32,1072,"1,047,470",Fri May 29 2020 02:55:16 GMT-0400 (Eastern Daylight Time)
8.48,595116,32,1072,"1,049,472",Sun May 31 2020 13:14:57 GMT-0400 (Eastern Daylight Time)
8.48,596108,32,1072,"1,051,434",Wed Jun 03 2020 00:09:54 GMT-0400 (Eastern Daylight Time)
8.48,596388,32,1072,"1,051,868",Wed Jun 03 2020 11:42:42 GMT-0400 (Eastern Daylight Time)
8.48,597896,32,1072,"1,054,767",Sun Jun 07 2020 07:41:23 GMT-0400 (Eastern Daylight Time)
8.48,599283,32,1072,"1,057,314",Wed Jun 10 2020 12:20:10 GMT-0400 (Eastern Daylight Time)
8.48,599911,32,1072,"1,058,601",Fri Jun 12 2020 02:21:50 GMT-0400 (Eastern Daylight Time)
8.48,600829,32,1072,"1,060,432",Sun Jun 14 2020 14:24:03 GMT-0400 (Eastern Daylight Time)
8.48,603794,32,1072,"1,065,996",Sun Jun 21 2020 12:49:46 GMT-0400 (Eastern Daylight Time)
8.48,604019,32,1072,"1,066,621",Mon Jun 22 2020 04:07:02 GMT-0400 (Eastern Daylight Time)
8.48,605162,32,1072,"1,068,605",Wed Jun 24 2020 14:04:31 GMT-0400 (Eastern Daylight Time)
8.48,611657,32,1072,"1,080,986",Wed Jul 08 2020 16:48:03 GMT-0400 (Eastern Daylight Time)
8.48,611934,32,1062,"1,082,315",Fri Jul 10 2020 11:02:20 GMT-0400 (Eastern Daylight Time)
8.48,611934,32,1072,"1,086,852",Wed Jul 15 2020 06:57:00 GMT-0400 (Eastern Daylight Time)
8.48,611934,32,1072,"1,087,371",Wed Jul 15 2020 17:09:35 GMT-0400 (Eastern Daylight Time)
8.48,615305,31,1072,"1,090,268",Sun Jul 19 2020 06:12:29 GMT-0400 (Eastern Daylight Time)
8.48,615305,31,1072,"1,093,708",Wed Jul 22 2020 00:37:49 GMT-0400 (Eastern Daylight Time)
8.48,622521,30,1062,"1,101,544",Wed Jul 29 2020 20:37:51 GMT-0400 (Eastern Daylight Time)
8.48,623537,30,1062,"1,103,428",Fri Jul 31 2020 20:51:31 GMT-0400 (Eastern Daylight Time)
8.48,624726,30,1072,"1,105,924",Mon Aug 03 2020 11:09:24 GMT-0400 (Eastern Daylight Time)
8.48,624726,30,1072,"1,105,924",Mon Aug 03 2020 11:09:49 GMT-0400 (Eastern Daylight Time)
8.48,625949,30,1072,"1,108,255",Wed Aug 05 2020 22:58:50 GMT-0400 (Eastern Daylight Time)
8.48,626090,30,1072,"1,108,525",Thu Aug 06 2020 05:55:50 GMT-0400 (Eastern Daylight Time)
8.48,626434,30,1072,"1,109,215",Fri Aug 07 2020 06:08:52 GMT-0400 (Eastern Daylight Time)
8.48,627113,31,1072,"1,110,532",Sun Aug 09 2020 01:53:49 GMT-0400 (Eastern Daylight Time)
8.48,627512,32,1072,"1,111,293",Sun Aug 09 2020 23:07:58 GMT-0400 (Eastern Daylight Time)
8.48,628413,32,1012,"1,113,179",Wed Aug 12 2020 01:30:43 GMT-0400 (Eastern Daylight Time)
8.48,628798,32,1012,"1,113,939",Wed Aug 12 2020 23:03:29 GMT-0400 (Eastern Daylight Time)
8.48,629043,32,1012,"1,114,449",Thu Aug 13 2020 13:57:21 GMT-0400 (Eastern Daylight Time)
8.48,629537,32,1012,"1,115,361",Fri Aug 14 2020 14:59:08 GMT-0400 (Eastern Daylight Time)
8.48,629769,32,1012,"1,115,812",Sat Aug 15 2020 03:19:21 GMT-0400 (Eastern Daylight Time)
8.48,631777,32,1012,"1,120,690",Tue Aug 18 2020 18:35:49 GMT-0400 (Eastern Daylight Time)
8.48,635372,32,1012,"1,128,068",Thu Aug 27 2020 00:56:32 GMT-0400 (Eastern Daylight Time)
8.48,635372,32,1012,"1,128,068",Thu Aug 27 2020 01:21:44 GMT-0400 (Eastern Daylight Time)
8.48,637325,32,1022,"1,131,914",Mon Aug 31 2020 19:40:22 GMT-0400 (Eastern Daylight Time)
8.48,638047,32,1022,"1,133,341",Wed Sep 02 2020 14:37:23 GMT-0400 (Eastern Daylight Time)
8.48,640285,31,1002,"1,137,972",Tue Sep 08 2020 15:51:16 GMT-0400 (Eastern Daylight Time)
8.48,640318,31,1002,"1,138,021",Tue Sep 08 2020 16:54:49 GMT-0400 (Eastern Daylight Time)
8.48,640438,31,1002,"1,138,241",Tue Sep 08 2020 23:03:17 GMT-0400 (Eastern Daylight Time)
8.48,640906,31,1002,"1,139,168",Thu Sep 10 2020 03:07:27 GMT-0400 (Eastern Daylight Time)
8.48,642790,31,1002,"1,142,964",Mon Sep 14 2020 23:08:46 GMT-0400 (Eastern Daylight Time)
8.48,643604,31,1002,"1,144,692",Thu Sep 17 2020 03:40:02 GMT-0400 (Eastern Daylight Time)
8.49,646466,31,1002,"1,150,093",Thu Sep 24 2020 05:01:55 GMT-0400 (Eastern Daylight Time)
8.49,648561,30,1012,"1,153,788",Mon Sep 28 2020 21:55:07 GMT-0400 (Eastern Daylight Time)
8.49,649530,30,1002,"1,155,566",Thu Oct 01 2020 00:46:38 GMT-0400 (Eastern Daylight Time)
8.49,649597,30,1002,"1,155,680",Thu Oct 01 2020 04:44:21 GMT-0400 (Eastern Daylight Time)
8.49,649597,30,1002,"1,155,723",Thu Oct 01 2020 05:42:58 GMT-0400 (Eastern Daylight Time)
8.49,650743,31,1012,"1,158,095",Sun Oct 04 2020 03:16:11 GMT-0400 (Eastern Daylight Time)
8.49,651563,30,1002,"1,159,748",Mon Oct 05 2020 22:59:34 GMT-0400 (Eastern Daylight Time)
8.49,652246,30,1002,"1,161,034",Wed Oct 07 2020 13:56:18 GMT-0400 (Eastern Daylight Time)
8.49,653987,30,1002,"1,164,323",Sun Oct 11 2020 12:20:27 GMT-0400 (Eastern Daylight Time)
8.49,654163,30,1002,"1,164,647",Sun Oct 11 2020 21:20:50 GMT-0400 (Eastern Daylight Time)
8.49,655797,30,1002,"1,167,987",Thu Oct 15 2020 08:40:50 GMT-0400 (Eastern Daylight Time)
8.49,657736,30,992,"1,171,391",Mon Oct 19 2020 07:22:45 GMT-0400 (Eastern Daylight Time)
8.49,658360,30,992,"1,172,443",Mon Oct 19 2020 20:37:47 GMT-0400 (Eastern Daylight Time)
8.49,658567,30,992,"1,172,953",Tue Oct 20 2020 04:22:29 GMT-0400 (Eastern Daylight Time)
8.49,659270,29,992,"1,174,099",Wed Oct 21 2020 04:05:13 GMT-0400 (Eastern Daylight Time)
8.49,660018,30,992,"1,175,447",Thu Oct 22 2020 10:11:21 GMT-0400 (Eastern Daylight Time)
8.49,662933,29,992,"1,180,770",Tue Oct 27 2020 23:37:00 GMT-0400 (Eastern Daylight Time)
8.49,663712,30,992,"1,182,187",Thu Oct 29 2020 10:43:04 GMT-0400 (Eastern Daylight Time)
8.49,664352,29,992,"1,183,317",Fri Oct 30 2020 19:36:30 GMT-0400 (Eastern Daylight Time)
8.49,664352,29,992,"1,183,393",Fri Oct 30 2020 21:35:32 GMT-0400 (Eastern Daylight Time)
8.49,664927,29,992,"1,184,427",Sun Nov 01 2020 02:34:59 GMT-0500 (Eastern Standard Time)
8.49,667243,29,1002,"1,188,701",Thu Nov 05 2020 11:17:09 GMT-0500 (Eastern Standard Time)
8.49,668878,29,1012,"1,191,913",Sun Nov 08 2020 09:11:58 GMT-0500 (Eastern Standard Time)
8.49,669722,29,1012,"1,193,545",Mon Nov 09 2020 23:56:31 GMT-0500 (Eastern Standard Time)
8.49,670721,29,1012,"1,195,393",Wed Nov 11 2020 22:09:36 GMT-0500 (Eastern Standard Time)
8.49,671023,29,1012,"1,195,916",Thu Nov 12 2020 12:10:37 GMT-0500 (Eastern Standard Time)
8.49,672786,29,1022,"1,199,062",Sun Nov 15 2020 04:48:07 GMT-0500 (Eastern Standard Time)
8.49,675422,29,1012,"1,203,717",Thu Nov 19 2020 12:27:37 GMT-0500 (Eastern Standard Time)
8.49,676319,29,1012,"1,205,397",Sat Nov 21 2020 04:04:48 GMT-0500 (Eastern Standard Time)
8.49,676566,29,1012,"1,205,807",Sat Nov 21 2020 16:56:55 GMT-0500 (Eastern Standard Time)
8.49,678485,29,1012,"1,209,648",Wed Nov 25 2020 05:57:36 GMT-0500 (Eastern Standard Time)
8.49,678485,29,1012,"1,209,682",Wed Nov 25 2020 06:58:34 GMT-0500 (Eastern Standard Time)
8.49,678569,29,1012,"1,209,726",Wed Nov 25 2020 07:44:11 GMT-0500 (Eastern Standard Time)
8.49,679189,29,1012,"1,211,019",Thu Nov 26 2020 14:05:02 GMT-0500 (Eastern Standard Time)
8.49,680161,29,1012,"1,212,819",Sat Nov 28 2020 10:43:22 GMT-0500 (Eastern Standard Time)
8.49,681856,30,1012,"1,216,177",Tue Dec 01 2020 17:25:15 GMT-0500 (Eastern Standard Time)
8.49,682233,30,1012,"1,216,796",Wed Dec 02 2020 06:30:08 GMT-0500 (Eastern Standard Time)
8.49,682950,30,1012,"1,218,110",Thu Dec 03 2020 15:17:02 GMT-0500 (Eastern Standard Time)
8.49,683085,30,1012,"1,218,387",Thu Dec 03 2020 20:53:23 GMT-0500 (Eastern Standard Time)
8.49,684494,29,1022,"1,221,106",Sun Dec 06 2020 15:56:06 GMT-0500 (Eastern Standard Time)
8.49,684494,29,1022,"1,221,154",Sun Dec 06 2020 18:18:03 GMT-0500 (Eastern Standard Time)
8.49,684705,30,1022,"1,221,530",Mon Dec 07 2020 03:07:29 GMT-0500 (Eastern Standard Time)
8.49,686222,30,1022,"1,224,132",Tue Dec 08 2020 23:59:38 GMT-0500 (Eastern Standard Time)
8.49,686411,30,1022,"1,224,473",Wed Dec 09 2020 06:56:11 GMT-0500 (Eastern Standard Time)
8.49,687120,30,1022,"1,225,839",Thu Dec 10 2020 17:08:08 GMT-0500 (Eastern Standard Time)
8.50,690242,30,992,"1,231,520",Wed Dec 16 2020 08:03:12 GMT-0500 (Eastern Standard Time)
8.50,691129,30,992,"1,233,065",Thu Dec 17 2020 17:46:33 GMT-0500 (Eastern Standard Time)
8.50,691968,30,992,"1,234,532",Sat Dec 19 2020 02:10:47 GMT-0500 (Eastern Standard Time)
8.50,692289,30,992,"1,235,197",Sat Dec 19 2020 17:25:01 GMT-0500 (Eastern Standard Time)
8.50,687337,30,982,"1,237,400",Mon Dec 21 2020 19:20:24 GMT-0500 (Eastern Standard Time)
8.50,689110,30,1002,"1,240,612",Thu Dec 24 2020 18:43:27 GMT-0500 (Eastern Standard Time)
8.50,690199,30,1002,"1,242,427",Sat Dec 26 2020 20:47:20 GMT-0500 (Eastern Standard Time)
8.50,690306,30,1002,"1,242,760",Sun Dec 27 2020 01:39:22 GMT-0500 (Eastern Standard Time)
8.50,691780,30,992,"1,245,449",Tue Dec 29 2020 06:15:50 GMT-0500 (Eastern Standard Time)
8.50,691780,30,992,"1,245,449",Tue Dec 29 2020 07:03:19 GMT-0500 (Eastern Standard Time)
8.50,693102,30,992,"1,247,891",Thu Dec 31 2020 04:19:59 GMT-0500 (Eastern Standard Time)
8.50,693351,30,992,"1,248,363",Thu Dec 31 2020 12:24:57 GMT-0500 (Eastern Standard Time)
8.50,693481,30,992,"1,248,695",Thu Dec 31 2020 20:22:26 GMT-0500 (Eastern Standard Time)
8.50,693886,30,1002,"1,249,429",Fri Jan 01 2021 14:39:22 GMT-0500 (Eastern Standard Time)
8.50,695134,30,1002,"1,251,553",Sat Jan 02 2021 23:54:01 GMT-0500 (Eastern Standard Time)
8.50,695782,30,1002,"1,252,867",Sun Jan 03 2021 21:07:23 GMT-0500 (Eastern Standard Time)
8.50,695782,30,1002,"1,252,867",Sun Jan 03 2021 22:19:30 GMT-0500 (Eastern Standard Time)
8.50,696260,30,992,"1,253,760",Mon Jan 04 2021 12:44:06 GMT-0500 (Eastern Standard Time)
8.50,696787,31,992,"1,254,740",Tue Jan 05 2021 03:36:11 GMT-0500 (Eastern Standard Time)
8.50,696895,31,992,"1,254,842",Tue Jan 05 2021 06:19:19 GMT-0500 (Eastern Standard Time)
8.50,699078,30,1002,"1,258,875",Fri Jan 08 2021 02:49:44 GMT-0500 (Eastern Standard Time)
8.50,699078,30,1012,"1,259,020",Fri Jan 08 2021 05:25:41 GMT-0500 (Eastern Standard Time)
8.50,702548,31,1032,"1,265,311",Tue Jan 12 2021 17:05:59 GMT-0500 (Eastern Standard Time)
8.51,707917,30,1032,"1,275,454",Tue Jan 19 2021 08:22:41 GMT-0500 (Eastern Standard Time)
8.51,708518,30,1032,"1,276,496",Wed Jan 20 2021 07:19:53 GMT-0500 (Eastern Standard Time)
8.51,718162,30,1042,"1,292,563",Tue Jan 26 2021 19:59:56 GMT-0500 (Eastern Standard Time)
8.51,720343,30,1042,"1,295,841",Thu Jan 28 2021 03:36:39 GMT-0500 (Eastern Standard Time)
8.51,722155,30,1042,"1,298,661",Fri Jan 29 2021 05:02:21 GMT-0500 (Eastern Standard Time)
8.51,731183,30,1042,"1,313,320",Thu Feb 04 2021 04:57:12 GMT-0500 (Eastern Standard Time)
8.51,732622,30,1042,"1,316,269",Fri Feb 05 2021 17:34:40 GMT-0500 (Eastern Standard Time)
8.51,739799,30,1022,"1,327,636",Thu Feb 11 2021 06:08:40 GMT-0500 (Eastern Standard Time)
8.51,740077,30,1022,"1,328,263",Thu Feb 11 2021 15:13:35 GMT-0500 (Eastern Standard Time)
8.52,753246,31,952,"1,350,955",Thu Feb 25 2021 10:47:51 GMT-0500 (Eastern Standard Time)
8.52,754001,31,952,"1,352,343",Fri Feb 26 2021 10:48:30 GMT-0500 (Eastern Standard Time)
8.52,764920,31,942,"1,372,803",Fri Mar 12 2021 13:02:03 GMT-0500 (Eastern Standard Time)
8.52,769909,31,942,"1,381,513",Wed Mar 17 2021 20:37:02 GMT-0400 (Eastern Daylight Time)
8.52,771964,31,932,"1,385,109",Fri Mar 19 2021 19:19:55 GMT-0400 (Eastern Daylight Time)
8.52,777808,31,932,"1,395,533",Thu Mar 25 2021 16:07:15 GMT-0400 (Eastern Daylight Time)
8.53,780558,30,912,"1,400,322",Sun Mar 28 2021 16:03:15 GMT-0400 (Eastern Daylight Time)
8.53,781389,30,912,"1,401,778",Mon Mar 29 2021 07:18:49 GMT-0400 (Eastern Daylight Time)
8.53,781770,30,912,"1,402,421",Mon Mar 29 2021 14:33:46 GMT-0400 (Eastern Daylight Time)
8.53,782758,30,922,"1,404,273",Tue Mar 30 2021 14:04:13 GMT-0400 (Eastern Daylight Time)
8.53,783014,30,922,"1,404,818",Tue Mar 30 2021 21:21:02 GMT-0400 (Eastern Daylight Time)
8.53,783014,30,922,"1,404,907",Tue Mar 30 2021 21:53:30 GMT-0400 (Eastern Daylight Time)
8.53,783328,30,922,"1,405,271",Wed Mar 31 2021 02:54:48 GMT-0400 (Eastern Daylight Time)
8.53,784054,30,922,"1,406,316",Wed Mar 31 2021 17:59:27 GMT-0400 (Eastern Daylight Time)
8.53,784054,30,922,"1,406,475",Wed Mar 31 2021 19:30:44 GMT-0400 (Eastern Daylight Time)
8.53,784167,30,922,"1,406,568",Wed Mar 31 2021 20:38:11 GMT-0400 (Eastern Daylight Time)
8.53,784540,30,922,"1,407,330",Thu Apr 01 2021 07:46:30 GMT-0400 (Eastern Daylight Time)
8.53,784754,30,922,"1,407,686",Thu Apr 01 2021 13:13:53 GMT-0400 (Eastern Daylight Time)
8.53,785027,30,922,"1,408,007",Thu Apr 01 2021 18:57:18 GMT-0400 (Eastern Daylight Time)
8.53,789312,30,912,"1,416,018",Mon Apr 05 2021 19:43:12 GMT-0400 (Eastern Daylight Time)
8.53,793345,31,902,"1,423,181",Fri Apr 09 2021 15:29:42 GMT-0400 (Eastern Daylight Time)
8.53,794505,31,912,"1,425,346",Sat Apr 10 2021 22:09:26 GMT-0400 (Eastern Daylight Time)
8.53,794762,31,902,"1,425,789",Sun Apr 11 2021 03:53:48 GMT-0400 (Eastern Daylight Time)
8.53,796866,31,922,"1,429,446",Tue Apr 13 2021 07:56:07 GMT-0400 (Eastern Daylight Time)
8.53,797043,31,922,"1,429,604",Tue Apr 13 2021 11:09:56 GMT-0400 (Eastern Daylight Time)
8.53,798196,31,912,"1,431,861",Wed Apr 14 2021 19:56:59 GMT-0400 (Eastern Daylight Time)
8.53,798577,31,912,"1,432,735",Thu Apr 15 2021 11:02:42 GMT-0400 (Eastern Daylight Time)
8.53,799229,31,912,"1,433,920",Fri Apr 16 2021 03:37:45 GMT-0400 (Eastern Daylight Time)
8.53,800616,31,912,"1,436,395",Sat Apr 17 2021 23:17:48 GMT-0400 (Eastern Daylight Time)
8.53,801452,31,922,"1,437,635",Sun Apr 18 2021 20:28:24 GMT-0400 (Eastern Daylight Time)
8.53,802173,31,912,"1,438,871",Mon Apr 19 2021 12:54:28 GMT-0400 (Eastern Daylight Time)
8.53,802420,31,912,"1,439,569",Mon Apr 19 2021 21:12:11 GMT-0400 (Eastern Daylight Time)
8.53,802420,31,912,"1,439,822",Mon Apr 19 2021 23:57:40 GMT-0400 (Eastern Daylight Time)
8.53,803069,31,912,"1,440,673",Tue Apr 20 2021 14:57:48 GMT-0400 (Eastern Daylight Time)
8.53,803545,31,912,"1,441,526",Wed Apr 21 2021 02:56:28 GMT-0400 (Eastern Daylight Time)
8.54,805559,31,892,"1,445,503",Fri Apr 23 2021 19:26:20 GMT-0400 (Eastern Daylight Time)
8.54,806572,31,892,"1,446,779",Sat Apr 24 2021 21:19:26 GMT-0400 (Eastern Daylight Time)
8.54,806812,31,892,"1,447,475",Sun Apr 25 2021 04:14:35 GMT-0400 (Eastern Daylight Time)
8.54,808444,31,892,"1,450,550",Tue Apr 27 2021 01:32:02 GMT-0400 (Eastern Daylight Time)
8.54,808842,31,892,"1,451,196",Tue Apr 27 2021 13:22:08 GMT-0400 (Eastern Daylight Time)
8.54,812456,31,882,"1,457,843",Sun May 02 2021 05:55:03 GMT-0400 (Eastern Daylight Time)
8.54,812624,31,882,"1,457,888",Sun May 02 2021 06:45:07 GMT-0400 (Eastern Daylight Time)
8.54,812819,31,882,"1,458,398",Sun May 02 2021 16:13:08 GMT-0400 (Eastern Daylight Time)
8.54,813131,31,882,"1,459,137",Mon May 03 2021 01:40:33 GMT-0400 (Eastern Daylight Time)
8.54,813378,31,882,"1,459,304",Mon May 03 2021 04:43:00 GMT-0400 (Eastern Daylight Time)
8.54,813757,31,882,"1,460,150",Mon May 03 2021 18:35:11 GMT-0400 (Eastern Daylight Time)
8.54,814055,31,882,"1,460,600",Mon May 03 2021 23:43:39 GMT-0400 (Eastern Daylight Time)
8.54,814238,31,882,"1,461,067",Tue May 04 2021 09:27:41 GMT-0400 (Eastern Daylight Time)
8.54,815191,31,882,"1,462,751",Wed May 05 2021 11:45:59 GMT-0400 (Eastern Daylight Time)
8.54,815829,31,882,"1,463,737",Thu May 06 2021 02:58:10 GMT-0400 (Eastern Daylight Time)
8.54,815931,31,882,"1,463,927",Thu May 06 2021 06:41:20 GMT-0400 (Eastern Daylight Time)
8.54,817806,31,882,"1,467,584",Sat May 08 2021 21:49:57 GMT-0400 (Eastern Daylight Time)
8.54,819062,31,882,"1,469,580",Mon May 10 2021 06:09:27 GMT-0400 (Eastern Daylight Time)
8.54,822095,31,882,"1,475,038",Fri May 14 2021 03:44:21 GMT-0400 (Eastern Daylight Time)
8.54,824610,31,882,"1,479,282",Mon May 17 2021 07:27:03 GMT-0400 (Eastern Daylight Time)
8.54,825432,31,882,"1,480,807",Tue May 18 2021 06:54:56 GMT-0400 (Eastern Daylight Time)
8.54,827399,31,882,"1,484,410",Thu May 20 2021 21:48:54 GMT-0400 (Eastern Daylight Time)
8.54,827913,31,882,"1,485,215",Fri May 21 2021 14:49:00 GMT-0400 (Eastern Daylight Time)
8.55,829559,31,842,"1,487,987",Sun May 23 2021 17:56:39 GMT-0400 (Eastern Daylight Time)
8.55,829559,31,842,"1,488,144",Sun May 23 2021 20:13:00 GMT-0400 (Eastern Daylight Time)
8.55,831942,31,842,"1,492,370",Wed May 26 2021 20:06:34 GMT-0400 (Eastern Daylight Time)
8.55,833258,31,842,"1,494,737",Fri May 28 2021 17:41:26 GMT-0400 (Eastern Daylight Time)
8.55,833938,31,842,"1,495,758",Sat May 29 2021 14:41:57 GMT-0400 (Eastern Daylight Time)
8.55,834827,31,842,"1,497,480",Sun May 30 2021 22:36:53 GMT-0400 (Eastern Daylight Time)
8.55,835877,31,842,"1,499,498",Tue Jun 01 2021 12:39:36 GMT-0400 (Eastern Daylight Time)
8.55,836052,31,842,"1,499,851",Tue Jun 01 2021 18:38:01 GMT-0400 (Eastern Daylight Time)
8.55,838014,31,832,"1,503,459",Fri Jun 04 2021 16:36:32 GMT-0400 (Eastern Daylight Time)
8.55,839024,31,842,"1,505,144",Sun Jun 06 2021 02:20:04 GMT-0400 (Eastern Daylight Time)
8.55,839782,31,832,"1,506,392",Sun Jun 06 2021 23:15:04 GMT-0400 (Eastern Daylight Time)
8.55,842249,31,832,"1,511,093",Thu Jun 10 2021 17:04:58 GMT-0400 (Eastern Daylight Time)
8.55,843079,31,832,"1,512,569",Fri Jun 11 2021 22:48:00 GMT-0400 (Eastern Daylight Time)
8.55,844330,31,842,"1,514,724",Sun Jun 13 2021 21:16:34 GMT-0400 (Eastern Daylight Time)
8.55,844523,31,842,"1,514,994",Mon Jun 14 2021 00:40:41 GMT-0400 (Eastern Daylight Time)
8.56,846553,31,822,"1,518,645",Wed Jun 16 2021 21:37:31 GMT-0400 (Eastern Daylight Time)
8.56,849574,31,832,"1,523,753",Mon Jun 21 2021 01:43:00 GMT-0400 (Eastern Daylight Time)
8.56,849763,31,832,"1,524,069",Mon Jun 21 2021 08:20:41 GMT-0400 (Eastern Daylight Time)
8.56,850152,31,832,"1,524,994",Tue Jun 22 2021 00:36:24 GMT-0400 (Eastern Daylight Time)
8.56,850709,31,832,"1,525,744",Tue Jun 22 2021 14:43:23 GMT-0400 (Eastern Daylight Time)
8.56,851353,31,842,"1,526,926",Wed Jun 23 2021 10:08:22 GMT-0400 (Eastern Daylight Time)
8.56,851509,31,842,"1,527,196",Wed Jun 23 2021 15:05:36 GMT-0400 (Eastern Daylight Time)
8.56,854317,31,842,"1,532,354",Sun Jun 27 2021 18:30:34 GMT-0400 (Eastern Daylight Time)
8.56,854317,31,842,"1,532,566",Sun Jun 27 2021 21:26:18 GMT-0400 (Eastern Daylight Time)
8.56,854317,31,842,"1,533,710",Mon Jun 28 2021 19:20:50 GMT-0400 (Eastern Daylight Time)
8.56,854317,31,842,"1,534,127",Tue Jun 29 2021 01:37:14 GMT-0400 (Eastern Daylight Time)
8.56,854317,31,842,"1,534,175",Tue Jun 29 2021 01:53:02 GMT-0400 (Eastern Daylight Time)
8.56,857171,31,852,"1,536,662",Wed Jun 30 2021 15:06:08 GMT-0400 (Eastern Daylight Time)
8.56,858380,31,852,"1,538,898",Fri Jul 02 2021 01:48:00 GMT-0400 (Eastern Daylight Time)
8.56,861576,31,832,"1,544,218",Mon Jul 05 2021 19:31:23 GMT-0400 (Eastern Daylight Time)
8.56,861774,31,832,"1,544,678",Tue Jul 06 2021 02:53:58 GMT-0400 (Eastern Daylight Time)
8.56,862075,31,832,"1,545,183",Tue Jul 06 2021 10:10:05 GMT-0400 (Eastern Daylight Time)
8.56,862175,31,832,"1,545,416",Tue Jul 06 2021 13:48:29 GMT-0400 (Eastern Daylight Time)
8.57,865858,30,802,"1,551,746",Sun Jul 11 2021 06:34:12 GMT-0400 (Eastern Daylight Time)
8.57,866124,30,802,"1,552,326",Sun Jul 11 2021 17:43:28 GMT-0400 (Eastern Daylight Time)
8.57,866342,30,802,"1,552,863",Mon Jul 12 2021 01:55:40 GMT-0400 (Eastern Daylight Time)
8.57,867154,30,802,"1,554,306",Tue Jul 13 2021 01:14:35 GMT-0400 (Eastern Daylight Time)
8.57,868058,30,802,"1,555,566",Tue Jul 13 2021 21:41:19 GMT-0400 (Eastern Daylight Time)
8.57,868058,30,802,"1,555,808",Wed Jul 14 2021 00:40:56 GMT-0400 (Eastern Daylight Time)
8.57,868058,30,792,"1,555,903",Wed Jul 14 2021 03:05:01 GMT-0400 (Eastern Daylight Time)
8.57,868298,30,792,"1,556,136",Wed Jul 14 2021 05:21:14 GMT-0400 (Eastern Daylight Time)
8.57,869590,30,792,"1,558,536",Thu Jul 15 2021 18:57:40 GMT-0400 (Eastern Daylight Time)
8.57,869843,30,792,"1,558,821",Thu Jul 15 2021 23:22:37 GMT-0400 (Eastern Daylight Time)
8.57,870254,30,792,"1,559,600",Fri Jul 16 2021 14:18:50 GMT-0400 (Eastern Daylight Time)
8.57,871289,30,792,"1,561,144",Sat Jul 17 2021 15:33:26 GMT-0400 (Eastern Daylight Time)
8.57,871412,30,792,"1,561,663",Sat Jul 17 2021 22:59:47 GMT-0400 (Eastern Daylight Time)
8.57,873351,30,792,"1,564,939",Tue Jul 20 2021 01:12:06 GMT-0400 (Eastern Daylight Time)
8.57,873590,30,792,"1,565,181",Tue Jul 20 2021 05:19:31 GMT-0400 (Eastern Daylight Time)
8.57,874267,30,802,"1,566,492",Wed Jul 21 2021 01:58:20 GMT-0400 (Eastern Daylight Time)
8.57,874474,31,802,"1,566,755",Wed Jul 21 2021 07:27:19 GMT-0400 (Eastern Daylight Time)
8.57,876347,31,802,"1,569,989",Fri Jul 23 2021 14:45:23 GMT-0400 (Eastern Daylight Time)
8.57,877621,31,802,"1,572,109",Sun Jul 25 2021 01:12:54 GMT-0400 (Eastern Daylight Time)
8.57,878339,31,802,"1,573,135",Sun Jul 25 2021 20:14:43 GMT-0400 (Eastern Daylight Time)
8.57,879695,31,802,"1,575,287",Tue Jul 27 2021 06:35:34 GMT-0400 (Eastern Daylight Time)
8.57,879767,31,802,"1,575,446",Tue Jul 27 2021 10:35:12 GMT-0400 (Eastern Daylight Time)
8.57,879924,30,802,"1,575,683",Tue Jul 27 2021 15:18:03 GMT-0400 (Eastern Daylight Time)
8.57,880382,30,802,"1,576,560",Wed Jul 28 2021 05:48:19 GMT-0400 (Eastern Daylight Time)
8.57,880506,30,802,"1,576,714",Wed Jul 28 2021 07:50:57 GMT-0400 (Eastern Daylight Time)
8.57,880660,30,802,"1,576,934",Wed Jul 28 2021 12:51:39 GMT-0400 (Eastern Daylight Time)
8.57,884138,30,802,"1,582,579",Sun Aug 01 2021 19:38:20 GMT-0400 (Eastern Daylight Time)
8.57,885471,30,802,"1,584,790",Tue Aug 03 2021 07:15:15 GMT-0400 (Eastern Daylight Time)
8.58,886737,31,752,"1,586,943",Wed Aug 04 2021 22:17:08 GMT-0400 (Eastern Daylight Time)
8.58,887194,31,752,"1,587,869",Thu Aug 05 2021 15:50:38 GMT-0400 (Eastern Daylight Time)
8.58,887437,31,752,"1,588,456",Thu Aug 05 2021 23:25:53 GMT-0400 (Eastern Daylight Time)
8.58,887946,31,752,"1,589,026",Fri Aug 06 2021 10:39:37 GMT-0400 (Eastern Daylight Time)
8.58,888038,31,752,"1,589,410",Fri Aug 06 2021 17:24:41 GMT-0400 (Eastern Daylight Time)
8.58,888975,31,752,"1,590,874",Sat Aug 07 2021 20:23:55 GMT-0400 (Eastern Daylight Time)
8.58,889339,31,752,"1,591,513",Sun Aug 08 2021 08:55:21 GMT-0400 (Eastern Daylight Time)
8.58,890975,31,752,"1,594,423",Tue Aug 10 2021 09:17:20 GMT-0400 (Eastern Daylight Time)
8.58,891469,31,752,"1,595,383",Wed Aug 11 2021 01:31:25 GMT-0400 (Eastern Daylight Time)
8.58,892002,31,752,"1,596,351",Wed Aug 11 2021 19:04:21 GMT-0400 (Eastern Daylight Time)
8.58,893010,31,752,"1,597,918",Thu Aug 12 2021 23:12:10 GMT-0400 (Eastern Daylight Time)
8.58,893010,31,752,"1,598,077",Fri Aug 13 2021 01:54:52 GMT-0400 (Eastern Daylight Time)
8.58,893444,31,752,"1,598,617",Fri Aug 13 2021 13:42:25 GMT-0400 (Eastern Daylight Time)
8.58,894503,29,762,"1,600,557",Sat Aug 14 2021 23:16:14 GMT-0400 (Eastern Daylight Time)
8.58,894933,28,762,"1,601,324",Sun Aug 15 2021 15:27:52 GMT-0400 (Eastern Daylight Time)
8.58,895335,29,762,"1,602,007",Mon Aug 16 2021 02:20:18 GMT-0400 (Eastern Daylight Time)
8.58,895335,29,762,"1,602,007",Mon Aug 16 2021 02:20:43 GMT-0400 (Eastern Daylight Time)
8.58,896056,29,762,"1,603,334",Tue Aug 17 2021 00:08:25 GMT-0400 (Eastern Daylight Time)
8.58,896369,30,762,"1,603,801",Tue Aug 17 2021 10:24:40 GMT-0400 (Eastern Daylight Time)
8.58,896571,30,762,"1,604,176",Tue Aug 17 2021 18:14:46 GMT-0400 (Eastern Daylight Time)
8.58,896988,31,762,"1,605,048",Wed Aug 18 2021 08:17:04 GMT-0400 (Eastern Daylight Time)
8.58,898666,31,742,"1,607,826",Fri Aug 20 2021 08:18:48 GMT-0400 (Eastern Daylight Time)
8.58,899058,31,742,"1,608,462",Fri Aug 20 2021 20:59:12 GMT-0400 (Eastern Daylight Time)
8.58,899851,31,742,"1,609,745",Sat Aug 21 2021 19:09:58 GMT-0400 (Eastern Daylight Time)
8.58,900375,31,742,"1,610,707",Sun Aug 22 2021 15:49:32 GMT-0400 (Eastern Daylight Time)
8.58,901890,30,742,"1,613,409",Tue Aug 24 2021 11:56:41 GMT-0400 (Eastern Daylight Time)
8.58,902779,30,752,"1,614,888",Wed Aug 25 2021 12:53:28 GMT-0400 (Eastern Daylight Time)
8.58,904171,29,742,"1,617,252",Fri Aug 27 2021 11:30:08 GMT-0400 (Eastern Daylight Time)
8.58,905732,29,742,"1,620,147",Sun Aug 29 2021 16:06:17 GMT-0400 (Eastern Daylight Time)
8.58,907672,29,752,"1,623,400",Wed Sep 01 2021 00:51:26 GMT-0400 (Eastern Daylight Time)
8.58,908183,30,752,"1,624,219",Wed Sep 01 2021 16:53:55 GMT-0400 (Eastern Daylight Time)
8.58,908183,30,742,"1,624,332",Wed Sep 01 2021 18:28:27 GMT-0400 (Eastern Daylight Time)
8.59,909779,30,702,"1,626,795",Fri Sep 03 2021 20:41:46 GMT-0400 (Eastern Daylight Time)
8.59,909779,30,702,"1,626,994",Sat Sep 04 2021 00:21:21 GMT-0400 (Eastern Daylight Time)
8.59,909967,30,702,"1,627,230",Sat Sep 04 2021 06:07:21 GMT-0400 (Eastern Daylight Time)
8.59,910500,30,702,"1,628,153",Sun Sep 05 2021 03:19:27 GMT-0400 (Eastern Daylight Time)
8.59,910926,30,702,"1,628,893",Sun Sep 05 2021 19:53:20 GMT-0400 (Eastern Daylight Time)
8.59,911910,29,702,"1,630,481",Tue Sep 07 2021 00:43:31 GMT-0400 (Eastern Daylight Time)
8.59,912807,29,692,"1,631,872",Wed Sep 08 2021 04:48:17 GMT-0400 (Eastern Daylight Time)
8.59,913126,29,692,"1,632,410",Wed Sep 08 2021 16:39:16 GMT-0400 (Eastern Daylight Time)
8.59,913126,29,692,"1,632,477",Wed Sep 08 2021 17:34:15 GMT-0400 (Eastern Daylight Time)
8.59,913751,29,692,"1,633,788",Thu Sep 09 2021 19:45:30 GMT-0400 (Eastern Daylight Time)
8.59,914279,29,702,"1,634,465",Fri Sep 10 2021 11:50:29 GMT-0400 (Eastern Daylight Time)
8.59,914959,29,702,"1,635,698",Sat Sep 11 2021 15:13:06 GMT-0400 (Eastern Daylight Time)
8.59,915794,29,702,"1,637,312",Sun Sep 12 2021 22:05:59 GMT-0400 (Eastern Daylight Time)
8.59,916537,30,702,"1,638,324",Mon Sep 13 2021 20:38:12 GMT-0400 (Eastern Daylight Time)
8.59,917326,30,702,"1,639,580",Wed Sep 15 2021 00:58:49 GMT-0400 (Eastern Daylight Time)
8.59,917807,30,702,"1,640,329",Wed Sep 15 2021 19:23:41 GMT-0400 (Eastern Daylight Time)
8.59,918422,30,702,"1,641,430",Thu Sep 16 2021 18:58:32 GMT-0400 (Eastern Daylight Time)
8.59,918608,30,702,"1,641,631",Thu Sep 16 2021 23:09:43 GMT-0400 (Eastern Daylight Time)
8.59,919649,29,702,"1,643,588",Sat Sep 18 2021 19:45:24 GMT-0400 (Eastern Daylight Time)
8.59,920594,29,702,"1,644,880",Sun Sep 19 2021 20:27:32 GMT-0400 (Eastern Daylight Time)
8.59,922774,30,702,"1,648,607",Thu Sep 23 2021 00:24:49 GMT-0400 (Eastern Daylight Time)
8.59,924016,29,702,"1,650,697",Sat Sep 25 2021 01:05:36 GMT-0400 (Eastern Daylight Time)
8.59,924446,29,702,"1,651,519",Sat Sep 25 2021 21:50:32 GMT-0400 (Eastern Daylight Time)
8.59,925368,29,702,"1,652,919",Mon Sep 27 2021 01:35:49 GMT-0400 (Eastern Daylight Time)
8.59,925736,29,702,"1,653,455",Mon Sep 27 2021 15:09:03 GMT-0400 (Eastern Daylight Time)
8.59,925736,29,702,"1,653,727",Mon Sep 27 2021 20:40:30 GMT-0400 (Eastern Daylight Time)
8.59,925929,29,702,"1,653,963",Tue Sep 28 2021 01:55:06 GMT-0400 (Eastern Daylight Time)
8.59,926912,29,702,"1,655,499",Wed Sep 29 2021 15:51:01 GMT-0400 (Eastern Daylight Time)
8.59,927176,29,702,"1,655,929",Thu Sep 30 2021 01:21:06 GMT-0400 (Eastern Daylight Time)
8.59,927977,29,702,"1,657,382",Fri Oct 01 2021 15:58:41 GMT-0400 (Eastern Daylight Time)
8.59,928132,29,702,"1,657,731",Fri Oct 01 2021 23:51:53 GMT-0400 (Eastern Daylight Time)
8.59,930101,29,712,"1,660,791",Tue Oct 05 2021 04:45:01 GMT-0400 (Eastern Daylight Time)
8.59,930539,29,712,"1,661,578",Tue Oct 05 2021 23:42:23 GMT-0400 (Eastern Daylight Time)
8.59,930817,29,712,"1,662,026",Wed Oct 06 2021 12:01:20 GMT-0400 (Eastern Daylight Time)
8.60,931128,29,692,"1,662,582",Thu Oct 07 2021 02:16:04 GMT-0400 (Eastern Daylight Time)
8.60,931460,29,712,"1,663,099",Thu Oct 07 2021 17:37:11 GMT-0400 (Eastern Daylight Time)
8.60,931612,29,712,"1,663,318",Thu Oct 07 2021 21:53:19 GMT-0400 (Eastern Daylight Time)
8.60,931612,29,712,"1,663,318",Thu Oct 07 2021 21:54:28 GMT-0400 (Eastern Daylight Time)
8.60,931746,29,712,"1,663,579",Fri Oct 08 2021 05:14:39 GMT-0400 (Eastern Daylight Time)
8.60,931900,29,712,"1,663,757",Fri Oct 08 2021 11:51:21 GMT-0400 (Eastern Daylight Time)
8.60,932475,29,682,"1,664,981",Sat Oct 09 2021 20:22:33 GMT-0400 (Eastern Daylight Time)
8.60,933619,29,692,"1,666,822",Mon Oct 11 2021 17:22:38 GMT-0400 (Eastern Daylight Time)
8.60,934538,29,692,"1,668,314",Wed Oct 13 2021 05:25:11 GMT-0400 (Eastern Daylight Time)
8.60,934938,29,692,"1,669,108",Thu Oct 14 2021 02:24:26 GMT-0400 (Eastern Daylight Time)
8.60,935286,29,712,"1,669,648",Thu Oct 14 2021 17:54:07 GMT-0400 (Eastern Daylight Time)
8.60,935448,29,702,"1,669,905",Thu Oct 14 2021 23:51:55 GMT-0400 (Eastern Daylight Time)
8.60,935910,29,702,"1,670,778",Sat Oct 16 2021 02:10:54 GMT-0400 (Eastern Daylight Time)
8.60,937099,29,702,"1,672,650",Sun Oct 17 2021 23:29:40 GMT-0400 (Eastern Daylight Time)
8.60,941970,29,692,"1,681,144",Mon Oct 25 2021 15:10:47 GMT-0400 (Eastern Daylight Time)
8.60,942038,29,692,"1,681,512",Mon Oct 25 2021 20:25:19 GMT-0400 (Eastern Daylight Time)
8.60,944169,29,702,"1,684,791",Fri Oct 29 2021 04:51:38 GMT-0400 (Eastern Daylight Time)
8.60,945691,29,712,"1,687,438",Mon Nov 01 2021 00:55:58 GMT-0400 (Eastern Daylight Time)
8.60,945966,29,712,"1,687,848",Mon Nov 01 2021 14:16:03 GMT-0400 (Eastern Daylight Time)
8.60,946042,29,712,"1,688,070",Mon Nov 01 2021 19:15:33 GMT-0400 (Eastern Daylight Time)
8.60,946237,29,712,"1,688,370",Tue Nov 02 2021 00:06:47 GMT-0400 (Eastern Daylight Time)
8.60,946653,29,712,"1,689,217",Tue Nov 02 2021 22:09:45 GMT-0400 (Eastern Daylight Time)
8.60,946813,29,712,"1,689,473",Wed Nov 03 2021 03:46:23 GMT-0400 (Eastern Daylight Time)
8.60,947159,28,712,"1,689,984",Wed Nov 03 2021 19:01:35 GMT-0400 (Eastern Daylight Time)
8.60,947937,28,712,"1,691,248",Fri Nov 05 2021 06:00:02 GMT-0400 (Eastern Daylight Time)
8.60,947937,28,712,"1,691,299",Fri Nov 05 2021 08:12:06 GMT-0400 (Eastern Daylight Time)
8.60,948642,28,712,"1,692,463",Sat Nov 06 2021 18:50:59 GMT-0400 (Eastern Daylight Time)
8.60,948725,28,712,"1,692,543",Sat Nov 06 2021 21:05:15 GMT-0400 (Eastern Daylight Time)
8.60,948725,28,712,"1,692,649",Sat Nov 06 2021 23:11:32 GMT-0400 (Eastern Daylight Time)
8.60,950396,28,712,"1,695,411",Tue Nov 09 2021 23:34:33 GMT-0500 (Eastern Standard Time)
8.60,950396,28,712,"1,695,536",Wed Nov 10 2021 01:53:54 GMT-0500 (Eastern Standard Time)
8.60,951449,29,712,"1,697,292",Fri Nov 12 2021 09:46:48 GMT-0500 (Eastern Standard Time)
8.60,951699,29,712,"1,697,799",Sat Nov 13 2021 00:29:06 GMT-0500 (Eastern Standard Time)
8.60,952199,29,712,"1,698,492",Sat Nov 13 2021 23:26:57 GMT-0500 (Eastern Standard Time)
8.60,953008,29,712,"1,699,819",Mon Nov 15 2021 13:46:40 GMT-0500 (Eastern Standard Time)
8.61,954749,29,702,"1,702,809",Fri Nov 19 2021 11:11:23 GMT-0500 (Eastern Standard Time)
8.61,956634,29,702,"1,705,843",Mon Nov 22 2021 14:29:24 GMT-0500 (Eastern Standard Time)
8.61,957365,28,702,"1,707,180",Tue Nov 23 2021 22:32:51 GMT-0500 (Eastern Standard Time)
8.61,958537,27,702,"1,709,240",Fri Nov 26 2021 12:52:55 GMT-0500 (Eastern Standard Time)
8.61,958904,27,702,"1,709,907",Sat Nov 27 2021 08:02:12 GMT-0500 (Eastern Standard Time)
8.61,959102,27,702,"1,710,111",Sat Nov 27 2021 14:43:01 GMT-0500 (Eastern Standard Time)
8.61,960364,28,702,"1,712,313",Mon Nov 29 2021 23:59:19 GMT-0500 (Eastern Standard Time)
8.61,961614,29,702,"1,714,259",Thu Dec 02 2021 17:42:21 GMT-0500 (Eastern Standard Time)
8.61,961886,29,702,"1,714,738",Fri Dec 03 2021 09:54:45 GMT-0500 (Eastern Standard Time)
8.61,962084,29,702,"1,715,171",Sat Dec 04 2021 00:35:10 GMT-0500 (Eastern Standard Time)
8.61,962880,29,702,"1,716,560",Sun Dec 05 2021 19:19:28 GMT-0500 (Eastern Standard Time)
8.61,963036,29,702,"1,716,691",Sun Dec 05 2021 22:26:19 GMT-0500 (Eastern Standard Time)
8.61,963195,29,712,"1,716,883",Mon Dec 06 2021 03:55:55 GMT-0500 (Eastern Standard Time)
8.61,963948,29,712,"1,718,186",Tue Dec 07 2021 20:39:16 GMT-0500 (Eastern Standard Time)
8.61,963948,29,712,"1,718,325",Wed Dec 08 2021 00:20:20 GMT-0500 (Eastern Standard Time)
8.61,964248,29,712,"1,718,836",Wed Dec 08 2021 18:17:58 GMT-0500 (Eastern Standard Time)
8.61,965195,29,712,"1,720,299",Fri Dec 10 2021 12:43:58 GMT-0500 (Eastern Standard Time)
8.61,966145,29,712,"1,721,834",Sun Dec 12 2021 10:38:50 GMT-0500 (Eastern Standard Time)
8.61,966389,29,712,"1,722,293",Sun Dec 12 2021 22:52:28 GMT-0500 (Eastern Standard Time)
8.61,966883,29,712,"1,723,076",Mon Dec 13 2021 21:50:21 GMT-0500 (Eastern Standard Time)
8.61,967548,29,712,"1,724,080",Wed Dec 15 2021 02:55:33 GMT-0500 (Eastern Standard Time)
8.61,967874,29,712,"1,724,700",Wed Dec 15 2021 23:06:19 GMT-0500 (Eastern Standard Time)
8.61,968350,27,712,"1,725,519",Fri Dec 17 2021 02:33:48 GMT-0500 (Eastern Standard Time)
8.61,968798,27,712,"1,726,204",Fri Dec 17 2021 23:41:36 GMT-0500 (Eastern Standard Time)
8.62,969819,27,682,"1,727,784",Sun Dec 19 2021 23:05:32 GMT-0500 (Eastern Standard Time)
8.62,970301,27,682,"1,728,565",Mon Dec 20 2021 22:36:05 GMT-0500 (Eastern Standard Time)
8.62,970301,27,682,"1,728,734",Tue Dec 21 2021 02:35:06 GMT-0500 (Eastern Standard Time)
8.62,970650,27,682,"1,729,312",Tue Dec 21 2021 21:15:23 GMT-0500 (Eastern Standard Time)
8.62,971203,27,682,"1,730,082",Wed Dec 22 2021 22:34:18 GMT-0500 (Eastern Standard Time)
8.62,971203,27,682,"1,730,174",Wed Dec 22 2021 23:00:24 GMT-0500 (Eastern Standard Time)
8.62,971203,27,682,"1,730,298",Thu Dec 23 2021 01:52:33 GMT-0500 (Eastern Standard Time)
8.62,971877,27,682,"1,731,221",Fri Dec 24 2021 08:40:36 GMT-0500 (Eastern Standard Time)
8.62,972577,29,682,"1,732,428",Sun Dec 26 2021 01:26:11 GMT-0500 (Eastern Standard Time)
8.62,972878,29,682,"1,732,899",Sun Dec 26 2021 17:37:34 GMT-0500 (Eastern Standard Time)
8.62,973622,28,682,"1,734,306",Tue Dec 28 2021 03:48:03 GMT-0500 (Eastern Standard Time)
8.62,974051,27,682,"1,734,982",Tue Dec 28 2021 22:38:10 GMT-0500 (Eastern Standard Time)
8.62,974672,27,682,"1,735,964",Wed Dec 29 2021 21:29:56 GMT-0500 (Eastern Standard Time)
8.62,975531,28,672,"1,737,320",Fri Dec 31 2021 08:27:16 GMT-0500 (Eastern Standard Time)
8.62,976416,27,672,"1,738,957",Sun Jan 02 2022 05:07:15 GMT-0500 (Eastern Standard Time)
8.62,976589,27,672,"1,739,055",Sun Jan 02 2022 07:50:01 GMT-0500 (Eastern Standard Time)
8.62,976721,27,672,"1,739,726",Sun Jan 02 2022 22:07:47 GMT-0500 (Eastern Standard Time)
8.62,979510,27,672,"1,743,896",Thu Jan 06 2022 22:05:41 GMT-0500 (Eastern Standard Time)
8.62,979510,27,672,"1,744,047",Fri Jan 07 2022 01:11:43 GMT-0500 (Eastern Standard Time)
8.62,979999,27,672,"1,744,750",Fri Jan 07 2022 17:14:29 GMT-0500 (Eastern Standard Time)
8.62,980670,27,672,"1,746,045",Sat Jan 08 2022 22:39:07 GMT-0500 (Eastern Standard Time)
8.62,980670,27,672,"1,746,292",Sun Jan 09 2022 03:59:35 GMT-0500 (Eastern Standard Time)
8.62,981496,27,682,"1,747,354",Sun Jan 09 2022 23:57:54 GMT-0500 (Eastern Standard Time)
8.62,982045,27,692,"1,748,339",Mon Jan 10 2022 19:18:28 GMT-0500 (Eastern Standard Time)
8.62,982346,27,692,"1,748,768",Tue Jan 11 2022 03:00:11 GMT-0500 (Eastern Standard Time)
8.62,982638,27,692,"1,749,287",Tue Jan 11 2022 16:51:53 GMT-0500 (Eastern Standard Time)
8.62,983334,27,692,"1,750,486",Wed Jan 12 2022 18:51:12 GMT-0500 (Eastern Standard Time)
8.62,983955,27,692,"1,751,754",Thu Jan 13 2022 23:39:34 GMT-0500 (Eastern Standard Time)
8.62,984464,27,692,"1,752,725",Fri Jan 14 2022 23:28:28 GMT-0500 (Eastern Standard Time)
8.62,985198,27,692,"1,753,666",Sat Jan 15 2022 23:15:18 GMT-0500 (Eastern Standard Time)
8.62,985540,27,692,"1,754,483",Sun Jan 16 2022 17:32:46 GMT-0500 (Eastern Standard Time)
8.62,985852,27,692,"1,754,710",Sun Jan 16 2022 22:02:10 GMT-0500 (Eastern Standard Time)
8.62,986077,27,692,"1,755,051",Mon Jan 17 2022 04:24:50 GMT-0500 (Eastern Standard Time)
8.62,986333,27,692,"1,755,393",Mon Jan 17 2022 13:01:52 GMT-0500 (Eastern Standard Time)
8.62,986333,27,692,"1,755,459",Mon Jan 17 2022 15:00:19 GMT-0500 (Eastern Standard Time)
8.62,986634,27,692,"1,756,094",Tue Jan 18 2022 03:41:30 GMT-0500 (Eastern Standard Time)
8.62,986956,27,692,"1,756,366",Tue Jan 18 2022 09:31:33 GMT-0500 (Eastern Standard Time)
8.62,987547,27,692,"1,757,358",Wed Jan 19 2022 07:33:16 GMT-0500 (Eastern Standard Time)
8.62,987654,27,692,"1,757,497",Wed Jan 19 2022 12:37:09 GMT-0500 (Eastern Standard Time)
8.62,987832,27,692,"1,757,775",Wed Jan 19 2022 19:22:54 GMT-0500 (Eastern Standard Time)
8.62,988059,26,692,"1,758,246",Thu Jan 20 2022 06:23:28 GMT-0500 (Eastern Standard Time)
8.62,988125,26,692,"1,758,390",Thu Jan 20 2022 09:47:45 GMT-0500 (Eastern Standard Time)
8.62,988410,26,692,"1,758,890",Thu Jan 20 2022 21:50:19 GMT-0500 (Eastern Standard Time)
8.62,988671,26,692,"1,759,217",Fri Jan 21 2022 07:24:03 GMT-0500 (Eastern Standard Time)
8.62,988741,26,692,"1,759,477",Fri Jan 21 2022 14:30:08 GMT-0500 (Eastern Standard Time)
8.62,989287,26,682,"1,760,386",Sat Jan 22 2022 14:58:48 GMT-0500 (Eastern Standard Time)
8.62,989552,26,682,"1,760,833",Sat Jan 22 2022 23:51:11 GMT-0500 (Eastern Standard Time)
8.62,989995,26,682,"1,761,581",Sun Jan 23 2022 17:42:38 GMT-0500 (Eastern Standard Time)
8.62,990204,26,682,"1,762,158",Mon Jan 24 2022 03:42:13 GMT-0500 (Eastern Standard Time)
8.62,990385,26,682,"1,762,202",Mon Jan 24 2022 04:34:33 GMT-0500 (Eastern Standard Time)
8.62,990504,26,682,"1,762,467",Mon Jan 24 2022 13:03:12 GMT-0500 (Eastern Standard Time)
8.62,990634,26,682,"1,762,796",Mon Jan 24 2022 20:30:14 GMT-0500 (Eastern Standard Time)
8.62,990803,26,682,"1,762,889",Mon Jan 24 2022 22:14:27 GMT-0500 (Eastern Standard Time)
8.62,990939,26,682,"1,763,204",Tue Jan 25 2022 05:59:02 GMT-0500 (Eastern Standard Time)
8.62,991781,26,682,"1,764,557",Wed Jan 26 2022 16:15:04 GMT-0500 (Eastern Standard Time)
8.62,992263,26,682,"1,765,420",Thu Jan 27 2022 15:32:55 GMT-0500 (Eastern Standard Time)
8.62,992354,26,682,"1,765,573",Thu Jan 27 2022 17:46:29 GMT-0500 (Eastern Standard Time)
8.62,992716,26,682,"1,766,262",Fri Jan 28 2022 12:04:14 GMT-0500 (Eastern Standard Time)
8.62,992976,26,682,"1,766,676",Fri Jan 28 2022 23:12:40 GMT-0500 (Eastern Standard Time)
8.62,994310,26,682,"1,768,701",Mon Jan 31 2022 01:43:08 GMT-0500 (Eastern Standard Time)
8.62,994704,26,682,"1,769,668",Tue Feb 01 2022 00:12:18 GMT-0500 (Eastern Standard Time)
8.62,995220,26,682,"1,770,464",Tue Feb 01 2022 22:22:11 GMT-0500 (Eastern Standard Time)
8.62,996226,27,682,"1,772,123",Thu Feb 03 2022 16:03:57 GMT-0500 (Eastern Standard Time)
8.62,996999,27,682,"1,773,365",Fri Feb 04 2022 20:33:12 GMT-0500 (Eastern Standard Time)
8.62,997439,27,682,"1,774,116",Sat Feb 05 2022 16:14:51 GMT-0500 (Eastern Standard Time)
8.62,997641,27,682,"1,774,318",Sat Feb 05 2022 20:10:31 GMT-0500 (Eastern Standard Time)
8.62,998741,27,682,"1,776,144",Mon Feb 07 2022 15:02:59 GMT-0500 (Eastern Standard Time)
8.62,998906,27,682,"1,776,422",Mon Feb 07 2022 20:45:00 GMT-0500 (Eastern Standard Time)
8.62,999058,27,682,"1,776,646",Tue Feb 08 2022 01:42:46 GMT-0500 (Eastern Standard Time)
8.62,999058,27,682,"1,776,646",Tue Feb 08 2022 02:30:35 GMT-0500 (Eastern Standard Time)
8.62,999684,27,682,"1,777,626",Wed Feb 09 2022 01:07:43 GMT-0500 (Eastern Standard Time)
8.62,999970,27,682,"1,778,139",Wed Feb 09 2022 14:58:56 GMT-0500 (Eastern Standard Time)
8.62,1001205,26,682,"1,780,311",Sat Feb 12 2022 00:28:39 GMT-0500 (Eastern Standard Time)
8.62,1002502,27,672,"1,782,328",Mon Feb 14 2022 05:52:03 GMT-0500 (Eastern Standard Time)
8.62,1002712,27,672,"1,782,578",Mon Feb 14 2022 13:44:07 GMT-0500 (Eastern Standard Time)
8.62,1003148,27,672,"1,783,344",Tue Feb 15 2022 10:51:36 GMT-0500 (Eastern Standard Time)
8.62,1003390,27,672,"1,783,777",Tue Feb 15 2022 22:55:51 GMT-0500 (Eastern Standard Time)
8.62,1003525,27,672,"1,783,916",Wed Feb 16 2022 03:52:24 GMT-0500 (Eastern Standard Time)
8.62,1005020,26,672,"1,786,248",Sat Feb 19 2022 03:12:25 GMT-0500 (Eastern Standard Time)
8.62,1005585,26,672,"1,787,164",Sun Feb 20 2022 07:23:24 GMT-0500 (Eastern Standard Time)
8.62,1006032,26,672,"1,787,927",Mon Feb 21 2022 01:39:01 GMT-0500 (Eastern Standard Time)
8.62,1007068,26,672,"1,789,767",Wed Feb 23 2022 01:33:21 GMT-0500 (Eastern Standard Time)
8.62,1007068,26,672,"1,789,846",Wed Feb 23 2022 05:25:25 GMT-0500 (Eastern Standard Time)
8.62,1007176,26,672,"1,790,020",Wed Feb 23 2022 10:52:45 GMT-0500 (Eastern Standard Time)
8.62,1009868,26,682,"1,794,559",Tue Mar 01 2022 03:45:59 GMT-0500 (Eastern Standard Time)
8.62,1009979,26,682,"1,794,733",Tue Mar 01 2022 10:52:05 GMT-0500 (Eastern Standard Time)
8.62,1010203,26,682,"1,795,277",Wed Mar 02 2022 00:35:09 GMT-0500 (Eastern Standard Time)
8.62,1010477,26,682,"1,795,515",Wed Mar 02 2022 07:22:28 GMT-0500 (Eastern Standard Time)
8.62,1010584,26,682,"1,795,748",Wed Mar 02 2022 15:37:40 GMT-0500 (Eastern Standard Time)
8.62,1011239,26,682,"1,796,984",Fri Mar 04 2022 06:05:02 GMT-0500 (Eastern Standard Time)
8.62,1011518,26,682,"1,797,505",Fri Mar 04 2022 23:30:50 GMT-0500 (Eastern Standard Time)
8.62,1011711,26,682,"1,797,843",Sat Mar 05 2022 12:54:56 GMT-0500 (Eastern Standard Time)
8.62,1012820,26,682,"1,799,718",Mon Mar 07 2022 11:13:39 GMT-0500 (Eastern Standard Time)
8.62,1013755,26,682,"1,801,214",Wed Mar 09 2022 08:03:55 GMT-0500 (Eastern Standard Time)
8.62,1013835,26,682,"1,801,412",Wed Mar 09 2022 16:10:28 GMT-0500 (Eastern Standard Time)
8.62,1013950,26,682,"1,801,602",Wed Mar 09 2022 21:13:57 GMT-0500 (Eastern Standard Time)
8.62,1014298,26,682,"1,802,195",Thu Mar 10 2022 16:05:54 GMT-0500 (Eastern Standard Time)
8.63,1017051,26,652,"1,807,027",Wed Mar 16 2022 14:54:31 GMT-0400 (Eastern Daylight Time)
8.63,1017396,26,652,"1,807,671",Thu Mar 17 2022 10:38:33 GMT-0400 (Eastern Daylight Time)
8.63,1017738,26,642,"1,808,237",Fri Mar 18 2022 03:46:42 GMT-0400 (Eastern Daylight Time)
8.63,1018539,26,642,"1,809,682",Sat Mar 19 2022 23:33:24 GMT-0400 (Eastern Daylight Time)
8.63,1019130,26,672,"1,810,538",Sun Mar 20 2022 21:45:38 GMT-0400 (Eastern Daylight Time)
8.63,1019950,26,662,"1,812,062",Tue Mar 22 2022 18:38:11 GMT-0400 (Eastern Daylight Time)
8.63,1020864,26,662,"1,813,591",Thu Mar 24 2022 17:55:40 GMT-0400 (Eastern Daylight Time)
8.63,1030078,26,662,"1,814,017",Fri Mar 25 2022 06:18:47 GMT-0400 (Eastern Daylight Time)
8.63,1030210,26,662,"1,814,270",Fri Mar 25 2022 14:11:44 GMT-0400 (Eastern Daylight Time)
8.63,1030524,26,662,"1,814,791",Sat Mar 26 2022 03:04:01 GMT-0400 (Eastern Daylight Time)
8.63,1030673,26,662,"1,815,043",Sat Mar 26 2022 12:37:10 GMT-0400 (Eastern Daylight Time)
8.63,1030767,26,662,"1,815,223",Sat Mar 26 2022 15:57:26 GMT-0400 (Eastern Daylight Time)
8.63,1031024,26,662,"1,815,640",Sun Mar 27 2022 00:26:34 GMT-0400 (Eastern Daylight Time)
8.63,1032767,26,662,"1,818,586",Wed Mar 30 2022 00:16:26 GMT-0400 (Eastern Daylight Time)
8.63,1033953,26,662,"1,820,593",Fri Apr 01 2022 08:51:31 GMT-0400 (Eastern Daylight Time)
8.63,1034207,26,662,"1,820,969",Fri Apr 01 2022 20:11:53 GMT-0400 (Eastern Daylight Time)
8.63,1034280,26,662,"1,821,095",Fri Apr 01 2022 22:56:12 GMT-0400 (Eastern Daylight Time)
8.63,1035393,26,662,"1,823,071",Sun Apr 03 2022 23:50:36 GMT-0400 (Eastern Daylight Time)
8.63,1035677,26,662,"1,823,520",Mon Apr 04 2022 13:27:57 GMT-0400 (Eastern Daylight Time)
8.63,1036266,26,662,"1,824,572",Tue Apr 05 2022 15:20:16 GMT-0400 (Eastern Daylight Time)
8.63,1036350,26,662,"1,824,683",Tue Apr 05 2022 18:37:51 GMT-0400 (Eastern Daylight Time)
8.63,1038893,26,682,"1,829,229",Sun Apr 10 2022 12:10:05 GMT-0400 (Eastern Daylight Time)
8.63,1040961,26,682,"1,832,753",Thu Apr 14 2022 00:32:38 GMT-0400 (Eastern Daylight Time)
8.63,1041196,26,682,"1,833,178",Thu Apr 14 2022 12:06:50 GMT-0400 (Eastern Daylight Time)
8.63,1041266,26,682,"1,833,269",Thu Apr 14 2022 14:43:47 GMT-0400 (Eastern Daylight Time)
8.63,1041946,26,682,"1,834,436",Fri Apr 15 2022 20:01:54 GMT-0400 (Eastern Daylight Time)
8.63,1042014,26,682,"1,834,525",Fri Apr 15 2022 22:37:52 GMT-0400 (Eastern Daylight Time)
8.63,1042078,26,682,"1,834,615",Sat Apr 16 2022 00:38:18 GMT-0400 (Eastern Daylight Time)
8.63,1042113,26,682,"1,834,693",Sat Apr 16 2022 02:39:33 GMT-0400 (Eastern Daylight Time)
8.63,1042154,26,682,"1,834,766",Sat Apr 16 2022 04:40:11 GMT-0400 (Eastern Daylight Time)
8.63,1042196,26,682,"1,834,797",Sat Apr 16 2022 06:40:47 GMT-0400 (Eastern Daylight Time)
8.63,1042225,26,682,"1,834,894",Sat Apr 16 2022 08:41:13 GMT-0400 (Eastern Daylight Time)
8.63,1043112,26,682,"1,836,306",Sun Apr 17 2022 19:34:00 GMT-0400 (Eastern Daylight Time)
8.63,1043269,26,682,"1,836,578",Mon Apr 18 2022 00:39:33 GMT-0400 (Eastern Daylight Time)
8.63,1043314,26,682,"1,836,672",Mon Apr 18 2022 02:23:12 GMT-0400 (Eastern Daylight Time)
8.63,1044238,26,682,"1,838,244",Tue Apr 19 2022 09:41:29 GMT-0400 (Eastern Daylight Time)
8.63,1045150,26,682,"1,839,631",Wed Apr 20 2022 16:43:31 GMT-0400 (Eastern Daylight Time)
8.63,1045203,26,682,"1,839,885",Wed Apr 20 2022 18:45:23 GMT-0400 (Eastern Daylight Time)
8.63,1045450,26,702,"1,840,291",Thu Apr 21 2022 02:57:37 GMT-0400 (Eastern Daylight Time)
8.63,1045504,26,702,"1,840,437",Thu Apr 21 2022 05:20:06 GMT-0400 (Eastern Daylight Time)
8.63,1045554,26,702,"1,840,515",Thu Apr 21 2022 07:20:42 GMT-0400 (Eastern Daylight Time)
8.63,1045594,26,702,"1,840,546",Thu Apr 21 2022 09:21:39 GMT-0400 (Eastern Daylight Time)
8.63,1045634,26,702,"1,840,635",Thu Apr 21 2022 11:22:48 GMT-0400 (Eastern Daylight Time)
8.63,1045679,26,702,"1,840,717",Thu Apr 21 2022 13:23:54 GMT-0400 (Eastern Daylight Time)
8.63,1046377,26,692,"1,841,785",Fri Apr 22 2022 16:02:36 GMT-0400 (Eastern Daylight Time)
8.63,1046447,26,692,"1,841,882",Fri Apr 22 2022 18:56:36 GMT-0400 (Eastern Daylight Time)
8.63,1046573,26,692,"1,842,105",Fri Apr 22 2022 22:49:39 GMT-0400 (Eastern Daylight Time)
8.63,1046826,26,692,"1,842,595",Sat Apr 23 2022 13:35:56 GMT-0400 (Eastern Daylight Time)
8.63,1047064,26,692,"1,842,949",Sat Apr 23 2022 21:01:26 GMT-0400 (Eastern Daylight Time)
8.63,1047391,26,692,"1,843,406",Sun Apr 24 2022 06:42:54 GMT-0400 (Eastern Daylight Time)
8.63,1048048,26,692,"1,844,402",Mon Apr 25 2022 01:04:20 GMT-0400 (Eastern Daylight Time)
8.63,1048216,26,692,"1,844,741",Mon Apr 25 2022 05:05:43 GMT-0400 (Eastern Daylight Time)
8.63,1048543,26,692,"1,845,246",Mon Apr 25 2022 16:51:46 GMT-0400 (Eastern Daylight Time)
8.63,1048834,26,692,"1,845,707",Mon Apr 25 2022 23:59:09 GMT-0400 (Eastern Daylight Time)
8.63,1048981,26,692,"1,845,985",Tue Apr 26 2022 06:08:15 GMT-0400 (Eastern Daylight Time)
8.63,1049430,26,692,"1,846,742",Tue Apr 26 2022 22:28:32 GMT-0400 (Eastern Daylight Time)
8.63,1049483,26,692,"1,846,853",Wed Apr 27 2022 00:18:28 GMT-0400 (Eastern Daylight Time)
8.63,1049502,26,692,"1,846,853",Wed Apr 27 2022 01:04:40 GMT-0400 (Eastern Daylight Time)
8.63,1049775,26,692,"1,847,329",Wed Apr 27 2022 14:38:18 GMT-0400 (Eastern Daylight Time)
8.64,1050483,26,672,"1,848,516",Thu Apr 28 2022 22:12:01 GMT-0400 (Eastern Daylight Time)
8.64,1050547,26,672,"1,848,641",Fri Apr 29 2022 01:52:56 GMT-0400 (Eastern Daylight Time)
8.64,1050756,26,672,"1,848,992",Fri Apr 29 2022 12:26:16 GMT-0400 (Eastern Daylight Time)
8.64,1051053,26,672,"1,849,477",Sat Apr 30 2022 01:43:09 GMT-0400 (Eastern Daylight Time)
8.64,1052185,26,672,"1,851,416",Sun May 01 2022 21:27:12 GMT-0400 (Eastern Daylight Time)
8.64,1052286,26,672,"1,851,588",Mon May 02 2022 01:24:46 GMT-0400 (Eastern Daylight Time)
8.64,1052548,26,672,"1,852,005",Mon May 02 2022 13:44:44 GMT-0400 (Eastern Daylight Time)
8.64,1052837,26,672,"1,852,474",Mon May 02 2022 23:45:48 GMT-0400 (Eastern Daylight Time)
8.64,1052865,26,672,"1,852,506",Tue May 03 2022 00:56:01 GMT-0400 (Eastern Daylight Time)
8.64,1053099,26,672,"1,852,897",Tue May 03 2022 13:31:27 GMT-0400 (Eastern Daylight Time)
8.64,1053292,26,672,"1,853,189",Tue May 03 2022 20:08:53 GMT-0400 (Eastern Daylight Time)
8.64,1053378,26,672,"1,853,318",Tue May 03 2022 23:16:58 GMT-0400 (Eastern Daylight Time)
8.64,1053642,26,672,"1,853,771",Wed May 04 2022 11:22:20 GMT-0400 (Eastern Daylight Time)
8.64,1053684,26,672,"1,853,830",Wed May 04 2022 14:03:41 GMT-0400 (Eastern Daylight Time)
8.64,1054072,26,672,"1,854,475",Thu May 05 2022 06:49:35 GMT-0400 (Eastern Daylight Time)
8.64,1054301,26,672,"1,854,834",Thu May 05 2022 18:13:29 GMT-0400 (Eastern Daylight Time)
8.64,1054367,26,672,"1,854,979",Thu May 05 2022 21:05:58 GMT-0400 (Eastern Daylight Time)
8.64,1054937,26,672,"1,855,848",Sat May 07 2022 00:15:25 GMT-0400 (Eastern Daylight Time)
8.64,1055313,26,672,"1,856,439",Sat May 07 2022 18:18:50 GMT-0400 (Eastern Daylight Time)
8.64,1055542,26,672,"1,856,900",Sun May 08 2022 05:05:27 GMT-0400 (Eastern Daylight Time)
8.64,1055709,26,672,"1,857,178",Sun May 08 2022 12:55:40 GMT-0400 (Eastern Daylight Time)
8.64,1056689,26,672,"1,858,839",Tue May 10 2022 02:04:34 GMT-0400 (Eastern Daylight Time)
8.64,1056876,26,672,"1,859,165",Tue May 10 2022 13:38:02 GMT-0400 (Eastern Daylight Time)
8.64,1057016,26,672,"1,859,402",Tue May 10 2022 19:27:19 GMT-0400 (Eastern Daylight Time)
8.64,1057067,26,672,"1,859,505",Tue May 10 2022 21:34:20 GMT-0400 (Eastern Daylight Time)
8.64,1057132,26,672,"1,859,593",Tue May 10 2022 23:37:32 GMT-0400 (Eastern Daylight Time)
8.64,1057151,26,672,"1,859,663",Wed May 11 2022 01:23:35 GMT-0400 (Eastern Daylight Time)
8.64,1057448,26,672,"1,860,172",Wed May 11 2022 17:18:42 GMT-0400 (Eastern Daylight Time)
8.64,1057558,26,672,"1,860,382",Wed May 11 2022 23:16:13 GMT-0400 (Eastern Daylight Time)
8.64,1057959,26,672,"1,861,012",Thu May 12 2022 19:17:24 GMT-0400 (Eastern Daylight Time)
8.64,1058018,26,672,"1,861,044",Thu May 12 2022 21:45:12 GMT-0400 (Eastern Daylight Time)
8.64,1058083,26,672,"1,861,224",Fri May 13 2022 01:24:20 GMT-0400 (Eastern Daylight Time)
8.64,1058365,26,672,"1,861,671",Fri May 13 2022 17:06:32 GMT-0400 (Eastern Daylight Time)
8.64,1058571,26,672,"1,862,038",Sat May 14 2022 04:34:41 GMT-0400 (Eastern Daylight Time)
8.64,1058861,26,662,"1,862,496",Sat May 14 2022 19:15:05 GMT-0400 (Eastern Daylight Time)
8.64,1058984,26,662,"1,862,720",Sun May 15 2022 00:38:47 GMT-0400 (Eastern Daylight Time)
8.64,1059021,26,662,"1,862,819",Sun May 15 2022 03:08:50 GMT-0400 (Eastern Daylight Time)
8.64,1059260,26,662,"1,863,168",Sun May 15 2022 14:51:25 GMT-0400 (Eastern Daylight Time)
8.64,1059525,26,662,"1,863,744",Mon May 16 2022 01:13:48 GMT-0400 (Eastern Daylight Time)
8.64,1059603,26,662,"1,863,882",Mon May 16 2022 05:04:34 GMT-0400 (Eastern Daylight Time)
8.64,1059921,26,662,"1,864,461",Mon May 16 2022 20:20:38 GMT-0400 (Eastern Daylight Time)
8.64,1060500,26,662,"1,865,471",Wed May 18 2022 00:09:48 GMT-0400 (Eastern Daylight Time)
8.64,1060557,26,662,"1,865,556",Wed May 18 2022 03:40:24 GMT-0400 (Eastern Daylight Time)
8.64,1060969,26,662,"1,866,303",Wed May 18 2022 23:29:54 GMT-0400 (Eastern Daylight Time)
8.64,1061075,26,662,"1,866,516",Thu May 19 2022 07:35:07 GMT-0400 (Eastern Daylight Time)
8.64,1061405,26,662,"1,867,091",Fri May 20 2022 00:23:38 GMT-0400 (Eastern Daylight Time)
8.64,1061510,26,662,"1,867,278",Fri May 20 2022 06:27:04 GMT-0400 (Eastern Daylight Time)
8.64,1061677,26,662,"1,867,531",Fri May 20 2022 15:24:25 GMT-0400 (Eastern Daylight Time)
8.64,1061887,26,662,"1,867,926",Sat May 21 2022 01:57:43 GMT-0400 (Eastern Daylight Time)
8.64,1061928,26,662,"1,867,973",Sat May 21 2022 04:10:11 GMT-0400 (Eastern Daylight Time)
8.64,1063269,26,662,"1,870,282",Mon May 23 2022 20:30:31 GMT-0400 (Eastern Daylight Time)
8.64,1063870,26,652,"1,871,252",Wed May 25 2022 00:27:09 GMT-0400 (Eastern Daylight Time)
8.64,1063902,26,652,"1,871,311",Wed May 25 2022 02:35:50 GMT-0400 (Eastern Daylight Time)
8.64,1064725,26,652,"1,872,687",Thu May 26 2022 18:00:40 GMT-0400 (Eastern Daylight Time)
8.64,1064887,26,652,"1,873,014",Fri May 27 2022 01:51:01 GMT-0400 (Eastern Daylight Time)
8.64,1065228,26,652,"1,873,556",Fri May 27 2022 20:08:38 GMT-0400 (Eastern Daylight Time)
8.64,1065415,26,652,"1,873,838",Sat May 28 2022 05:29:03 GMT-0400 (Eastern Daylight Time)
8.64,1065918,26,652,"1,874,680",Sun May 29 2022 09:40:09 GMT-0400 (Eastern Daylight Time)
8.64,1066233,26,652,"1,875,242",Sun May 29 2022 21:53:07 GMT-0400 (Eastern Daylight Time)
8.64,1066349,26,652,"1,875,423",Mon May 30 2022 03:47:36 GMT-0400 (Eastern Daylight Time)
